2026-04-16T22:15:11+02:00	REF01	1	spawn_started	codex exec started
2026-04-16T22:19:55+02:00	REF01	1	spawn_succeeded	codex exec completed
2026-04-16T22:19:55+02:00	REF01	1	verify_running	terminology+scope+diff+links
2026-04-16T22:19:55+02:00	REF01	1	verify_failed	terminology
2026-04-16T22:19:55+02:00	REF01	2	spawn_started	codex exec started
2026-04-16T22:23:59+02:00	REF01	2	spawn_succeeded	codex exec completed
2026-04-16T22:23:59+02:00	REF01	2	verify_running	terminology+scope+diff+links
2026-04-16T22:23:59+02:00	REF01	2	verify_failed	terminology
2026-04-16T22:23:59+02:00	REF01	3	spawn_started	codex exec started
2026-04-16T22:27:33+02:00	REF01	3	spawn_succeeded	codex exec completed
2026-04-16T22:27:33+02:00	REF01	3	verify_running	terminology+scope+diff+links
2026-04-16T22:27:33+02:00	REF01	3	verify_failed	terminology
2026-04-16T22:27:33+02:00	REF02	0	blocked	waiting on REF01
2026-04-16T22:27:34+02:00	REF03	0	blocked	waiting on REF02
2026-04-16T22:27:34+02:00	REF04	0	blocked	waiting on REF02 REF03
2026-04-16T22:27:34+02:00	REF05	0	blocked	waiting on REF04
2026-04-16T22:27:34+02:00	REF06	1	spawn_started	codex exec started
2026-04-16T22:33:16+02:00	REF06	1	spawn_succeeded	codex exec completed
2026-04-16T22:33:16+02:00	REF06	1	verify_running	terminology+scope+diff+links
2026-04-16T22:33:16+02:00	REF06	1	verify_failed	terminology
2026-04-16T22:33:16+02:00	REF06	2	spawn_started	codex exec started
2026-04-16T22:36:37+02:00	REF06	2	spawn_succeeded	codex exec completed
2026-04-16T22:36:37+02:00	REF06	2	verify_running	terminology+scope+diff+links
2026-04-16T22:36:38+02:00	REF06	2	verify_succeeded	all gates passed
2026-04-16T22:36:38+02:00	REF06	2	commit_succeeded	b7f801f7
2026-04-16T22:36:38+02:00	REF07	0	blocked	waiting on REF02 REF03
2026-04-16T22:36:38+02:00	REF08	0	blocked	waiting on REF04
2026-04-16T22:36:38+02:00	REF09	0	blocked	waiting on REF03
2026-04-16T22:36:38+02:00	REF10	0	blocked	waiting on REF03
2026-04-16T22:36:38+02:00	REF11	0	blocked	waiting on REF02
2026-04-16T22:36:38+02:00	REF12	0	blocked	waiting on REF02 REF11
2026-04-16T22:36:38+02:00	REF13	0	blocked	waiting on REF10 REF11
2026-04-16T22:36:38+02:00	REF14	0	blocked	waiting on REF12
2026-04-16T22:36:38+02:00	REF15	0	blocked	waiting on REF12 REF14
2026-04-16T22:36:38+02:00	REF16	0	blocked	waiting on REF14
2026-04-16T22:36:38+02:00	REF17	0	blocked	waiting on REF03
2026-04-16T22:36:38+02:00	REF18	0	blocked	waiting on REF15 REF17
2026-04-16T22:36:38+02:00	REF19	0	blocked	waiting on REF11 REF12 REF13 REF14
2026-04-16T22:36:38+02:00	REF20	0	blocked	waiting on REF03 REF11
2026-04-16T22:36:38+02:00	REF21	1	spawn_started	codex exec started
2026-04-16T22:41:40+02:00	REF21	1	spawn_succeeded	codex exec completed
2026-04-16T22:41:40+02:00	REF21	1	verify_running	terminology+scope+diff+links
2026-04-16T22:41:40+02:00	REF21	1	verify_failed	terminology
2026-04-16T22:41:40+02:00	REF21	2	spawn_started	codex exec started
2026-04-16T22:46:19+02:00	REF21	2	spawn_succeeded	codex exec completed
2026-04-16T22:46:19+02:00	REF21	2	verify_running	terminology+scope+diff+links
2026-04-16T22:46:19+02:00	REF21	2	verify_failed	terminology
2026-04-16T22:46:19+02:00	REF21	3	spawn_started	codex exec started
2026-04-16T22:50:28+02:00	REF21	3	spawn_succeeded	codex exec completed
2026-04-16T22:50:28+02:00	REF21	3	verify_running	terminology+scope+diff+links
2026-04-16T22:50:29+02:00	REF21	3	verify_succeeded	all gates passed
2026-04-16T22:50:29+02:00	REF21	3	commit_succeeded	5b249636
2026-04-16T22:50:29+02:00	REF22	0	blocked	waiting on REF04 REF20
2026-04-16T22:50:29+02:00	REF23	0	blocked	waiting on REF04
2026-04-16T22:50:29+02:00	REF24	0	blocked	waiting on REF03
2026-04-16T22:50:29+02:00	REF25	0	blocked	waiting on REF17 REF23
2026-04-16T22:50:29+02:00	REF26	0	blocked	waiting on REF03 REF23
2026-04-16T22:50:29+02:00	REF27	0	blocked	waiting on REF26
2026-04-16T22:50:29+02:00	REF28	0	blocked	waiting on REF23
2026-04-16T22:50:29+02:00	REF29	0	blocked	waiting on REF26 REF27
2026-04-16T22:50:29+02:00	REF30	0	blocked	waiting on REF26 REF23
2026-04-16T22:50:29+02:00	REF31	0	blocked	waiting on REF11 REF12 REF13 REF14 REF17
2026-04-16T22:50:29+02:00	REF32	0	blocked	waiting on REF17 REF25
2026-04-16T22:50:29+02:00	REF33	0	blocked	waiting on REF26 REF27 REF24
2026-04-16T22:50:29+02:00	REF34	0	blocked	waiting on REF07
2026-04-16T22:50:29+02:00	REF35	0	blocked	waiting on REF31
2026-04-17T07:57:23+02:00	REF01	1	spawn_started	codex exec started
2026-04-17T08:01:13+02:00	REF01	1	spawn_succeeded	codex exec completed
2026-04-17T08:01:13+02:00	REF01	1	verify_running	terminology+scope+diff+links
2026-04-17T08:01:14+02:00	REF01	1	verify_succeeded	all gates passed
2026-04-17T08:01:14+02:00	REF01	1	commit_succeeded	0ebfefe1
2026-04-17T08:01:15+02:00	REF02	1	spawn_started	codex exec started
2026-04-17T08:07:33+02:00	REF02	1	spawn_succeeded	codex exec completed
2026-04-17T08:07:33+02:00	REF02	1	verify_running	terminology+scope+diff+links
2026-04-17T08:07:33+02:00	REF02	1	verify_failed	terminology
2026-04-17T08:07:33+02:00	REF02	2	spawn_started	codex exec started
2026-04-17T08:13:42+02:00	REF02	2	spawn_succeeded	codex exec completed
2026-04-17T08:13:42+02:00	REF02	2	verify_running	terminology+scope+diff+links
2026-04-17T08:13:43+02:00	REF02	2	verify_succeeded	all gates passed
2026-04-17T08:13:43+02:00	REF02	2	commit_succeeded	3b74e7a0
2026-04-17T08:13:43+02:00	REF03	1	spawn_started	codex exec started
2026-04-17T08:21:40+02:00	REF03	1	spawn_succeeded	codex exec completed
2026-04-17T08:21:40+02:00	REF03	1	verify_running	terminology+scope+diff+links
2026-04-17T08:21:41+02:00	REF03	1	verify_failed	terminology
2026-04-17T08:21:41+02:00	REF03	2	spawn_started	codex exec started
2026-04-17T08:22:16+02:00	REF03	1	spawn_started	codex exec started
2026-04-17T08:27:57+02:00	REF03	1	spawn_succeeded	codex exec completed
2026-04-17T08:27:57+02:00	REF03	1	verify_running	terminology+scope+diff+links
2026-04-17T08:27:58+02:00	REF03	1	verify_succeeded	all gates passed
2026-04-17T08:27:58+02:00	REF03	1	commit_succeeded	2888106f
2026-04-17T08:27:58+02:00	REF04	0	blocked	waiting on REF02 REF03
2026-04-17T08:27:58+02:00	REF05	0	blocked	waiting on REF04
2026-04-17T08:27:58+02:00	REF07	0	blocked	waiting on REF02 REF03
2026-04-17T08:27:58+02:00	REF08	0	blocked	waiting on REF04
2026-04-17T08:27:58+02:00	REF09	1	spawn_started	codex exec started
2026-04-17T08:33:53+02:00	REF04	1	spawn_started	codex exec started
2026-04-17T08:39:17+02:00	REF04	1	spawn_succeeded	codex exec completed
2026-04-17T08:39:17+02:00	REF04	1	verify_running	terminology+scope+diff+links
2026-04-17T08:39:18+02:00	REF04	1	verify_failed	terminology
2026-04-17T08:39:18+02:00	REF04	2	spawn_started	codex exec started
2026-04-17T08:41:17+02:00	REF04	1	spawn_started	codex exec started
2026-04-17T08:46:15+02:00	REF04	1	spawn_succeeded	codex exec completed
2026-04-17T08:46:15+02:00	REF04	1	verify_running	terminology+scope+diff+links
2026-04-17T08:46:21+02:00	REF04	1	verify_succeeded	all gates passed
2026-04-17T08:46:21+02:00	REF04	1	commit_succeeded	6a4e4fdb
2026-04-17T08:46:21+02:00	REF05	1	spawn_started	codex exec started
2026-04-17T08:54:23+02:00	REF05	1	spawn_succeeded	codex exec completed
2026-04-17T08:54:23+02:00	REF05	1	verify_running	terminology+scope+diff+links
2026-04-17T08:54:26+02:00	REF05	1	verify_succeeded	all gates passed
2026-04-17T08:54:26+02:00	REF05	1	commit_succeeded	e112e0d9
2026-04-17T08:54:27+02:00	REF07	1	spawn_started	codex exec started
2026-04-17T08:56:56+02:00	REF07	1	spawn_started	codex exec started
2026-04-17T09:04:22+02:00	REF07	1	spawn_succeeded	codex exec completed
2026-04-17T09:04:22+02:00	REF07	1	verify_running	terminology+scope+diff+links
2026-04-17T09:04:23+02:00	REF07	1	verify_succeeded	all gates passed
2026-04-17T09:04:24+02:00	REF07	1	commit_succeeded	2b204f6f
2026-04-17T09:04:24+02:00	REF08	1	spawn_started	codex exec started
2026-04-17T09:06:43+02:00	REF08	1	spawn_succeeded	codex exec completed
2026-04-17T09:06:43+02:00	REF08	1	verify_running	terminology+scope+diff+links
2026-04-17T09:06:44+02:00	REF08	1	verify_succeeded	all gates passed
2026-04-17T09:06:44+02:00	REF08	1	commit_succeeded	f27d37e6
2026-04-17T09:06:45+02:00	REF09	1	spawn_started	codex exec started
2026-04-17T09:15:13+02:00	REF09	1	spawn_succeeded	codex exec completed
2026-04-17T09:15:13+02:00	REF09	1	verify_running	terminology+scope+diff+links
2026-04-17T09:15:14+02:00	REF09	1	verify_succeeded	all gates passed
2026-04-17T09:15:14+02:00	REF09	1	commit_succeeded	30b7c655
2026-04-17T09:15:14+02:00	REF10	1	spawn_started	codex exec started
2026-04-17T09:21:56+02:00	REF10	1	spawn_succeeded	codex exec completed
2026-04-17T09:21:56+02:00	REF10	1	verify_running	terminology+scope+diff+links
2026-04-17T09:21:58+02:00	REF10	1	verify_succeeded	all gates passed
2026-04-17T09:21:58+02:00	REF10	1	commit_succeeded	8e4e58ad
2026-04-17T09:21:58+02:00	REF11	1	spawn_started	codex exec started
2026-04-17T09:31:51+02:00	REF11	1	spawn_succeeded	codex exec completed
2026-04-17T09:31:51+02:00	REF11	1	verify_running	terminology+scope+diff+links
2026-04-17T09:31:53+02:00	REF11	1	verify_succeeded	all gates passed
2026-04-17T09:31:53+02:00	REF11	1	commit_succeeded	e8acea09
2026-04-17T09:31:53+02:00	REF12	1	spawn_started	codex exec started
2026-04-17T09:40:38+02:00	REF12	1	spawn_succeeded	codex exec completed
2026-04-17T09:40:38+02:00	REF12	1	verify_running	terminology+scope+diff+links
2026-04-17T09:40:40+02:00	REF12	1	verify_succeeded	all gates passed
2026-04-17T09:40:40+02:00	REF12	1	commit_succeeded	d243e3e3
2026-04-17T09:40:41+02:00	REF13	1	spawn_started	codex exec started
2026-04-17T09:46:33+02:00	REF13	1	spawn_succeeded	codex exec completed
2026-04-17T09:46:33+02:00	REF13	1	verify_running	terminology+scope+diff+links
2026-04-17T09:46:34+02:00	REF13	1	verify_succeeded	all gates passed
2026-04-17T09:46:34+02:00	REF13	1	commit_succeeded	d37e8dee
2026-04-17T09:46:34+02:00	REF14	1	spawn_started	codex exec started
2026-04-17T09:52:44+02:00	REF14	1	spawn_succeeded	codex exec completed
2026-04-17T09:52:44+02:00	REF14	1	verify_running	terminology+scope+diff+links
2026-04-17T09:52:46+02:00	REF14	1	verify_succeeded	all gates passed
2026-04-17T09:52:46+02:00	REF14	1	commit_succeeded	b869732d
2026-04-17T09:52:46+02:00	REF15	1	spawn_started	codex exec started
2026-04-17T10:02:31+02:00	REF15	1	spawn_succeeded	codex exec completed
2026-04-17T10:02:31+02:00	REF15	1	verify_running	terminology+scope+diff+links
2026-04-17T10:02:32+02:00	REF15	1	verify_succeeded	all gates passed
2026-04-17T10:02:32+02:00	REF15	1	commit_succeeded	b28530be
2026-04-17T10:02:32+02:00	REF16	1	spawn_started	codex exec started
2026-04-17T10:08:35+02:00	REF16	1	spawn_succeeded	codex exec completed
2026-04-17T10:08:35+02:00	REF16	1	verify_running	terminology+scope+diff+links
2026-04-17T10:08:37+02:00	REF16	1	verify_succeeded	all gates passed
2026-04-17T10:08:37+02:00	REF16	1	commit_succeeded	9af189b8
2026-04-17T10:08:37+02:00	REF17	1	spawn_started	codex exec started
2026-04-17T10:13:12+02:00	REF17	1	spawn_succeeded	codex exec completed
2026-04-17T10:13:12+02:00	REF17	1	verify_running	terminology+scope+diff+links
2026-04-17T10:13:14+02:00	REF17	1	verify_succeeded	all gates passed
2026-04-17T10:13:14+02:00	REF17	1	commit_succeeded	aaf8f025
2026-04-17T10:13:14+02:00	REF18	1	spawn_started	codex exec started
2026-04-17T10:17:31+02:00	REF18	1	spawn_succeeded	codex exec completed
2026-04-17T10:17:31+02:00	REF18	1	verify_running	terminology+scope+diff+links
2026-04-17T10:17:32+02:00	REF18	1	verify_succeeded	all gates passed
2026-04-17T10:17:32+02:00	REF18	1	commit_succeeded	a8f8fffe
2026-04-17T10:17:32+02:00	REF19	1	spawn_started	codex exec started
2026-04-17T10:25:55+02:00	REF19	1	spawn_succeeded	codex exec completed
2026-04-17T10:25:55+02:00	REF19	1	verify_running	terminology+scope+diff+links
2026-04-17T10:25:57+02:00	REF19	1	verify_succeeded	all gates passed
2026-04-17T10:25:57+02:00	REF19	1	commit_succeeded	fa0abda7
2026-04-17T10:25:57+02:00	REF20	1	spawn_started	codex exec started
2026-04-17T10:29:18+02:00	REF20	1	spawn_succeeded	codex exec completed
2026-04-17T10:29:18+02:00	REF20	1	verify_running	terminology+scope+diff+links
2026-04-17T10:29:20+02:00	REF20	1	verify_succeeded	all gates passed
2026-04-17T10:29:20+02:00	REF20	1	commit_succeeded	76241e0b
2026-04-17T10:29:20+02:00	REF22	1	spawn_started	codex exec started
2026-04-17T10:34:32+02:00	REF22	1	spawn_succeeded	codex exec completed
2026-04-17T10:34:32+02:00	REF22	1	verify_running	terminology+scope+diff+links
2026-04-17T10:34:33+02:00	REF22	1	verify_succeeded	all gates passed
2026-04-17T10:34:33+02:00	REF22	1	commit_succeeded	4efeba01
2026-04-17T10:34:33+02:00	REF23	1	spawn_started	codex exec started
2026-04-17T10:42:34+02:00	REF23	1	spawn_succeeded	codex exec completed
2026-04-17T10:42:34+02:00	REF23	1	verify_running	terminology+scope+diff+links
2026-04-17T10:42:36+02:00	REF23	1	verify_succeeded	all gates passed
2026-04-17T10:42:36+02:00	REF23	1	commit_succeeded	402d9dfe
2026-04-17T10:42:36+02:00	REF24	1	spawn_started	codex exec started
2026-04-17T10:49:55+02:00	REF24	1	spawn_succeeded	codex exec completed
2026-04-17T10:49:55+02:00	REF24	1	verify_running	terminology+scope+diff+links
2026-04-17T10:49:56+02:00	REF24	1	verify_succeeded	all gates passed
2026-04-17T10:49:56+02:00	REF24	1	commit_succeeded	4994df72
2026-04-17T10:49:56+02:00	REF25	1	spawn_started	codex exec started
2026-04-17T10:59:32+02:00	REF25	1	spawn_succeeded	codex exec completed
2026-04-17T10:59:32+02:00	REF25	1	verify_running	terminology+scope+diff+links
2026-04-17T10:59:34+02:00	REF25	1	verify_succeeded	all gates passed
2026-04-17T10:59:34+02:00	REF25	1	commit_succeeded	3f1166a3
2026-04-17T10:59:34+02:00	REF26	1	spawn_started	codex exec started
2026-04-17T11:08:56+02:00	REF26	1	spawn_succeeded	codex exec completed
2026-04-17T11:08:56+02:00	REF26	1	verify_running	terminology+scope+diff+links
2026-04-17T11:08:58+02:00	REF26	1	verify_succeeded	all gates passed
2026-04-17T11:08:58+02:00	REF26	1	commit_succeeded	69f6c50a
2026-04-17T11:08:58+02:00	REF27	1	spawn_started	codex exec started
2026-04-17T11:21:39+02:00	REF27	1	spawn_succeeded	codex exec completed
2026-04-17T11:21:39+02:00	REF27	1	verify_running	terminology+scope+diff+links
2026-04-17T11:21:41+02:00	REF27	1	verify_succeeded	all gates passed
2026-04-17T11:21:41+02:00	REF27	1	commit_succeeded	d83de57a
2026-04-17T11:21:41+02:00	REF28	1	spawn_started	codex exec started
2026-04-17T11:33:36+02:00	REF28	1	spawn_succeeded	codex exec completed
2026-04-17T11:33:36+02:00	REF28	1	verify_running	terminology+scope+diff+links
2026-04-17T11:33:39+02:00	REF28	1	verify_succeeded	all gates passed
2026-04-17T11:33:39+02:00	REF28	1	commit_succeeded	9d7a29e6
2026-04-17T11:33:39+02:00	REF29	1	spawn_started	codex exec started
2026-04-17T11:43:30+02:00	REF29	1	spawn_succeeded	codex exec completed
2026-04-17T11:43:30+02:00	REF29	1	verify_running	terminology+scope+diff+links
2026-04-17T11:43:32+02:00	REF29	1	verify_succeeded	all gates passed
2026-04-17T11:43:32+02:00	REF29	1	commit_succeeded	ab8a3449
2026-04-17T11:43:32+02:00	REF30	1	spawn_started	codex exec started
2026-04-17T11:52:18+02:00	REF30	1	spawn_succeeded	codex exec completed
2026-04-17T11:52:18+02:00	REF30	1	verify_running	terminology+scope+diff+links
2026-04-17T11:52:21+02:00	REF30	1	verify_succeeded	all gates passed
2026-04-17T11:52:21+02:00	REF30	1	commit_succeeded	696c3883
2026-04-17T11:52:21+02:00	REF31	1	spawn_started	codex exec started
2026-04-17T11:58:11+02:00	REF31	1	spawn_succeeded	codex exec completed
2026-04-17T11:58:11+02:00	REF31	1	verify_running	terminology+scope+diff+links
2026-04-17T11:58:12+02:00	REF31	1	verify_succeeded	all gates passed
2026-04-17T11:58:12+02:00	REF31	1	commit_succeeded	ceaddd24
2026-04-17T11:58:13+02:00	REF32	1	spawn_started	codex exec started
2026-04-17T12:07:19+02:00	REF32	1	spawn_succeeded	codex exec completed
2026-04-17T12:07:19+02:00	REF32	1	verify_running	terminology+scope+diff+links
2026-04-17T12:07:21+02:00	REF32	1	verify_succeeded	all gates passed
2026-04-17T12:07:21+02:00	REF32	1	commit_succeeded	5ee66588
2026-04-17T12:07:21+02:00	REF33	1	spawn_started	codex exec started
2026-04-17T12:15:54+02:00	REF33	1	spawn_succeeded	codex exec completed
2026-04-17T12:15:54+02:00	REF33	1	verify_running	terminology+scope+diff+links
2026-04-17T12:15:56+02:00	REF33	1	verify_succeeded	all gates passed
2026-04-17T12:15:56+02:00	REF33	1	commit_succeeded	bcc907e9
2026-04-17T12:15:57+02:00	REF34	1	spawn_started	codex exec started
2026-04-17T12:24:09+02:00	REF34	1	spawn_succeeded	codex exec completed
2026-04-17T12:24:09+02:00	REF34	1	verify_running	terminology+scope+diff+links
2026-04-17T12:24:12+02:00	REF34	1	verify_succeeded	all gates passed
2026-04-17T12:24:12+02:00	REF34	1	commit_succeeded	e11092c8
2026-04-17T12:24:12+02:00	REF35	1	spawn_started	codex exec started
2026-04-17T12:29:21+02:00	REF35	1	spawn_succeeded	codex exec completed
2026-04-17T12:29:21+02:00	REF35	1	verify_running	terminology+scope+diff+links
2026-04-17T12:29:22+02:00	REF35	1	verify_succeeded	all gates passed
2026-04-17T12:29:23+02:00	REF35	1	commit_succeeded	7e1ed7b2
