2026-04-15T19:37:42+02:00	T1	1	attempt_started	StateHub subscription (replace polling with streaming)
2026-04-15T19:37:43+02:00	T1	1	spawn_started	codex exec started
2026-04-15T19:53:12+02:00	T1	1	spawn_succeeded	codex exec completed
2026-04-15T19:53:12+02:00	T1	1	verify_running	cargo check -p roko-cli
2026-04-15T19:54:03+02:00	T1	1	verify_running	cargo test -p roko-cli --lib --no-run
2026-04-15T19:55:48+02:00	T1	1	verify_succeeded	all verification commands passed
2026-04-15T19:55:48+02:00	T1	1	commit_succeeded	8a9204ba
2026-04-15T19:55:48+02:00	T1	1	attempt_succeeded	verified and committed
2026-04-15T19:55:48+02:00	T7	1	attempt_started	Dead field cleanup
2026-04-15T19:55:48+02:00	T7	1	spawn_started	codex exec started
2026-04-15T20:08:28+02:00	T7	1	spawn_succeeded	codex exec completed
2026-04-15T20:08:28+02:00	T7	1	verify_running	cargo check -p roko-cli
2026-04-15T20:09:15+02:00	T7	1	verify_running	cargo clippy -p roko-cli --no-deps -- -D warnings
2026-04-15T20:09:35+02:00	T7	1	verify_failed	cargo clippy -p roko-cli --no-deps -- -D warnings
2026-04-15T20:09:35+02:00	T7	1	attempt_failed	verification failed
2026-04-15T20:09:35+02:00	T7	1	attempt_backed_up	saved failed verify state for retry
2026-04-15T20:09:35+02:00	T7	2	attempt_preserved_retry	reusing dirty worktree state from failed prior attempt
2026-04-15T20:09:35+02:00	T7	2	spawn_started	codex exec started
2026-04-15T20:26:23+02:00	T7	2	spawn_succeeded	codex exec completed
2026-04-15T20:26:23+02:00	T7	2	verify_running	cargo check -p roko-cli
2026-04-15T20:27:14+02:00	T7	2	verify_running	cargo clippy -p roko-cli --no-deps -- -D warnings
2026-04-15T20:27:33+02:00	T7	2	verify_succeeded	all verification commands passed
2026-04-15T20:27:33+02:00	T7	2	commit_succeeded	e7aa795f
2026-04-15T20:27:33+02:00	T7	2	attempt_succeeded	verified and committed
2026-04-15T20:27:34+02:00	T2	1	attempt_started	Agent output segment parsing
2026-04-15T20:27:34+02:00	T2	1	spawn_started	codex exec started
2026-04-15T20:35:28+02:00	T2	1	spawn_failed	codex exec exited with 101
2026-04-15T20:35:28+02:00	T2	1	attempt_failed	codex exited unsuccessfully
2026-04-15T20:35:28+02:00	T2	1	attempt_backed_up	saved failed spawn state for retry
2026-04-15T20:35:28+02:00	T2	2	attempt_preserved_retry	reusing dirty worktree state from failed prior attempt
2026-04-15T20:35:28+02:00	T2	2	spawn_started	codex exec started
2026-04-15T20:45:25+02:00	T2	2	spawn_succeeded	codex exec completed
2026-04-15T20:45:25+02:00	T2	2	verify_running	cargo check -p roko-cli
2026-04-15T20:46:14+02:00	T2	2	verify_running	cargo test -p roko-cli --lib --no-run -- tui::segment
2026-04-15T20:47:56+02:00	T2	2	verify_succeeded	all verification commands passed
2026-04-15T20:47:56+02:00	T2	2	commit_succeeded	7a46df09
2026-04-15T20:47:56+02:00	T2	2	attempt_succeeded	verified and committed
2026-04-15T20:47:56+02:00	T5	1	attempt_started	Parallel pool + wave ribbon
2026-04-15T20:47:56+02:00	T5	1	spawn_started	codex exec started
2026-04-15T20:58:17+02:00	T5	1	spawn_failed	codex exec exited with 101
2026-04-15T20:58:17+02:00	T5	1	attempt_failed	codex exited unsuccessfully
2026-04-15T20:58:17+02:00	T5	1	attempt_backed_up	saved failed spawn state for retry
2026-04-15T20:58:17+02:00	T5	2	attempt_preserved_retry	reusing dirty worktree state from failed prior attempt
2026-04-15T20:58:17+02:00	T5	2	spawn_started	codex exec started
2026-04-15T21:00:22+02:00	T5	2	spawn_failed	codex exec exited with 101
2026-04-15T21:00:22+02:00	T5	2	attempt_failed	codex exited unsuccessfully
2026-04-15T21:00:22+02:00	T3	1	attempt_backed_up	saved dirty worktree before reset
2026-04-15T21:00:22+02:00	T3	1	attempt_started	Approval flow IPC
2026-04-15T21:00:22+02:00	T3	1	spawn_started	codex exec started
2026-04-15T21:01:16+02:00	T3	1	spawn_failed	codex exec exited with 101
2026-04-15T21:01:16+02:00	T3	1	attempt_failed	codex exited unsuccessfully
2026-04-15T21:01:17+02:00	T3	2	attempt_started	Approval flow IPC
2026-04-15T21:01:17+02:00	T3	2	spawn_started	codex exec started
2026-04-15T21:02:18+02:00	T3	2	spawn_failed	codex exec exited with 101
2026-04-15T21:02:18+02:00	T3	2	attempt_failed	codex exited unsuccessfully
2026-04-15T21:02:18+02:00	T6	1	attempt_started	Context metrics + route display
2026-04-15T21:02:18+02:00	T6	1	spawn_started	codex exec started
2026-04-15T21:02:42+02:00	T6	1	spawn_failed	codex exec exited with 101
2026-04-15T21:02:42+02:00	T6	1	attempt_failed	codex exited unsuccessfully
2026-04-15T21:02:42+02:00	T6	2	attempt_started	Context metrics + route display
2026-04-15T21:02:42+02:00	T6	2	spawn_started	codex exec started
2026-04-15T21:02:43+02:00	T6	2	spawn_failed	codex exec exited with 101
2026-04-15T21:02:43+02:00	T6	2	attempt_failed	codex exited unsuccessfully
2026-04-15T21:34:42+02:00	T5	1	attempt_started	Parallel pool + wave ribbon
2026-04-15T21:34:59+02:00	T5	1	spawn_started	codex exec started
2026-04-15T21:45:54+02:00	T5	1	spawn_succeeded	codex exec completed
2026-04-15T21:45:54+02:00	T5	1	verify_running	cargo check -p roko-cli
2026-04-15T21:46:40+02:00	T5	1	verify_succeeded	all verification commands passed
2026-04-15T21:46:40+02:00	T5	1	commit_succeeded	a6cc718d
2026-04-15T21:46:40+02:00	T5	1	attempt_succeeded	verified and committed
2026-04-15T21:46:40+02:00	T3	1	attempt_started	Approval flow IPC
2026-04-15T21:46:40+02:00	T3	1	spawn_started	codex exec started
2026-04-15T21:56:58+02:00	T3	1	spawn_succeeded	codex exec completed
2026-04-15T21:56:58+02:00	T3	1	verify_running	cargo check -p roko-cli
2026-04-15T21:57:47+02:00	T3	1	verify_running	cargo test -p roko-cli --lib --no-run -- tui::approval_ipc
2026-04-15T21:59:30+02:00	T3	1	verify_succeeded	all verification commands passed
2026-04-15T21:59:31+02:00	T3	1	commit_succeeded	b6f8b3a9
2026-04-15T21:59:31+02:00	T3	1	attempt_succeeded	verified and committed
2026-04-15T21:59:31+02:00	T6	1	attempt_started	Context metrics + route display
2026-04-15T21:59:31+02:00	T6	1	spawn_started	codex exec started
2026-04-15T22:08:38+02:00	T6	1	spawn_succeeded	codex exec completed
2026-04-15T22:08:38+02:00	T6	1	verify_running	cargo check -p roko-cli
2026-04-15T22:09:30+02:00	T6	1	verify_succeeded	all verification commands passed
2026-04-15T22:09:30+02:00	T6	1	commit_succeeded	5eee68bc
2026-04-15T22:09:30+02:00	T6	1	attempt_succeeded	verified and committed
2026-04-15T22:09:30+02:00	T4	1	attempt_started	Process supervision display
2026-04-15T22:09:30+02:00	T4	1	spawn_started	codex exec started
2026-04-15T22:24:18+02:00	T4	1	spawn_succeeded	codex exec completed
2026-04-15T22:24:18+02:00	T4	1	verify_running	cargo check -p roko-cli -p roko-runtime
2026-04-15T22:25:07+02:00	T4	1	verify_succeeded	all verification commands passed
2026-04-15T22:25:07+02:00	T4	1	commit_succeeded	e7298604
2026-04-15T22:25:07+02:00	T4	1	attempt_succeeded	verified and committed
2026-04-15T22:25:07+02:00	T8	1	attempt_started	Visual effects (NervViz + particles)
2026-04-15T22:25:07+02:00	T8	1	spawn_started	codex exec started
2026-04-15T22:35:47+02:00	T8	1	spawn_succeeded	codex exec completed
2026-04-15T22:35:47+02:00	T8	1	verify_running	cargo check -p roko-cli
2026-04-15T22:36:35+02:00	T8	1	verify_succeeded	all verification commands passed
2026-04-15T22:36:35+02:00	T8	1	commit_succeeded	5fd6956a
2026-04-15T22:36:35+02:00	T8	1	attempt_succeeded	verified and committed
