2026-04-28T04:50:42+02:00	F01	1	attempt_started	Invert crate dep: roko-core must not depend on roko-runtime
2026-04-28T04:50:42+02:00	F01	1	spawn_started	codex exec started
2026-04-28T04:53:15+02:00	F01	1	spawn_succeeded	codex exec completed in 2m 33s
2026-04-28T04:53:15+02:00	F01	1	structural_check	! grep -q 'roko-runtime' crates/roko-core/Cargo.toml
2026-04-28T04:53:15+02:00	F01	1	verify_running	cargo check -p roko-core
2026-04-28T04:53:41+02:00	F01	1	verify_running	cargo check -p roko-runtime
2026-04-28T04:53:47+02:00	F01	1	verify_succeeded	all verification checks passed
2026-04-28T04:53:48+02:00	F01	1	commit_succeeded	618b3414
2026-04-28T04:53:48+02:00	F01	1	attempt_succeeded	verified and committed
2026-04-28T04:53:48+02:00	F02	1	attempt_started	Remove local trait copies from effect_driver, use roko-core
2026-04-28T04:53:48+02:00	F02	1	spawn_started	codex exec started
2026-04-28T04:57:28+02:00	F02	1	spawn_succeeded	codex exec completed in 3m 40s
2026-04-28T04:57:28+02:00	F02	1	structural_check	grep -q 'use roko_core::foundation' crates/roko-runtime/src/effect_driver.rs
2026-04-28T04:57:28+02:00	F02	1	structural_check	! grep -q 'pub trait ModelCaller' crates/roko-runtime/src/effect_driver.rs
2026-04-28T04:57:28+02:00	F02	1	verify_running	cargo check -p roko-core
2026-04-28T04:58:08+02:00	F02	1	verify_running	cargo check -p roko-runtime
2026-04-28T04:58:23+02:00	F02	1	antipattern_check	! grep -n 'pub trait ModelCaller' crates/roko-runtime/src/effect_driver.rs
2026-04-28T04:58:23+02:00	F02	1	antipattern_check	! grep -n 'pub trait PromptAssembler' crates/roko-runtime/src/effect_driver.rs
2026-04-28T04:58:23+02:00	F02	1	antipattern_check	! grep -n 'pub trait FeedbackSink' crates/roko-runtime/src/effect_driver.rs
2026-04-28T04:58:23+02:00	F02	1	antipattern_check	! grep -n 'pub trait GateRunner' crates/roko-runtime/src/effect_driver.rs
2026-04-28T04:58:23+02:00	F02	1	verify_succeeded	all verification checks passed
2026-04-28T04:58:23+02:00	F02	1	commit_succeeded	7afab98c
2026-04-28T04:58:23+02:00	F02	1	attempt_succeeded	verified and committed
2026-04-28T04:58:23+02:00	F03	1	attempt_started	Remove local RuntimeEvent from effect_driver, use roko-core
2026-04-28T04:58:24+02:00	F03	1	spawn_started	codex exec started
2026-04-28T05:00:45+02:00	F03	1	spawn_succeeded	codex exec completed in 2m 21s
2026-04-28T05:00:45+02:00	F03	1	structural_check	grep -q 'use roko_core::runtime_event::RuntimeEvent' crates/roko-runtime/src/effect_driver.rs
2026-04-28T05:00:45+02:00	F03	1	structural_failed	grep -q 'use roko_core::runtime_event::RuntimeEvent' crates/roko-runtime/src/effect_driver.rs
2026-04-28T05:00:45+02:00	F03	1	attempt_failed	verification failed
2026-04-28T05:00:45+02:00	F03	1	attempt_backed_up	saved failed verify state for retry
2026-04-28T05:00:45+02:00	F03	2	attempt_preserved_retry	reusing dirty worktree state from failed prior attempt
2026-04-28T05:00:45+02:00	F03	2	spawn_started	codex exec started
2026-04-28T05:02:47+02:00	F03	2	spawn_succeeded	codex exec completed in 2m 2s
2026-04-28T05:02:47+02:00	F03	2	structural_check	grep -q 'use roko_core::runtime_event::RuntimeEvent' crates/roko-runtime/src/effect_driver.rs
2026-04-28T05:02:47+02:00	F03	2	structural_failed	grep -q 'use roko_core::runtime_event::RuntimeEvent' crates/roko-runtime/src/effect_driver.rs
2026-04-28T05:02:47+02:00	F03	2	attempt_failed	verification failed
2026-04-28T05:02:47+02:00	S01	1	attempt_backed_up	saved dirty worktree before reset
2026-04-28T05:02:47+02:00	S01	1	attempt_started	ModelCallService: wire to existing provider dispatch
2026-04-28T05:02:47+02:00	S01	1	spawn_started	codex exec started
2026-04-28T05:05:10+02:00	S01	1	spawn_failed	codex exec exited with 101
2026-04-28T05:05:10+02:00	S01	1	attempt_failed	codex exited unsuccessfully
2026-04-28T05:05:10+02:00	S01	1	attempt_backed_up	saved failed spawn state for retry
2026-04-28T05:05:10+02:00	S01	2	attempt_preserved_retry	reusing dirty worktree state from failed prior attempt
2026-04-28T05:05:10+02:00	S01	2	spawn_started	codex exec started
2026-04-28T05:15:25+02:00	F03	1	attempt_backed_up	saved dirty worktree before reset
2026-04-28T05:15:25+02:00	F03	1	attempt_started	Remove local RuntimeEvent from effect_driver, use roko-core
2026-04-28T05:15:25+02:00	F03	1	spawn_started	codex exec started
2026-04-28T05:18:31+02:00	F03	1	spawn_succeeded	codex exec completed in 3m 6s
2026-04-28T05:18:31+02:00	F03	1	structural_check	grep -q 'roko_core.*RuntimeEvent' crates/roko-runtime/src/effect_driver.rs
2026-04-28T05:18:31+02:00	F03	1	structural_check	! grep -q 'pub enum RuntimeEvent' crates/roko-runtime/src/effect_driver.rs
2026-04-28T05:18:31+02:00	F03	1	verify_running	cargo check -p roko-core
2026-04-28T05:19:00+02:00	F03	1	verify_running	cargo check -p roko-runtime
2026-04-28T05:19:11+02:00	F03	1	antipattern_check	! grep -n 'pub trait ModelCaller' crates/roko-runtime/src/effect_driver.rs
2026-04-28T05:19:11+02:00	F03	1	antipattern_check	! grep -n 'pub trait PromptAssembler' crates/roko-runtime/src/effect_driver.rs
2026-04-28T05:19:11+02:00	F03	1	antipattern_check	! grep -n 'pub trait FeedbackSink' crates/roko-runtime/src/effect_driver.rs
2026-04-28T05:19:11+02:00	F03	1	antipattern_check	! grep -n 'pub trait GateRunner' crates/roko-runtime/src/effect_driver.rs
2026-04-28T05:19:11+02:00	F03	1	verify_succeeded	all verification checks passed
2026-04-28T05:19:11+02:00	F03	1	commit_succeeded	93463be5
2026-04-28T05:19:12+02:00	F03	1	attempt_succeeded	verified and committed
2026-04-28T05:19:12+02:00	F04	1	attempt_started	Update JsonlLogger to use roko-core EventConsumer + all variants
2026-04-28T05:19:12+02:00	F04	1	spawn_started	codex exec started
2026-04-28T05:21:15+02:00	F04	1	spawn_succeeded	codex exec completed in 2m 3s
2026-04-28T05:21:15+02:00	F04	1	structural_check	grep -q 'use roko_core' crates/roko-runtime/src/jsonl_logger.rs
2026-04-28T05:21:15+02:00	F04	1	verify_running	cargo check -p roko-runtime
2026-04-28T05:21:41+02:00	F04	1	verify_succeeded	all verification checks passed
2026-04-28T05:21:41+02:00	F04	1	commit_succeeded	94c4c7e3
2026-04-28T05:21:41+02:00	F04	1	attempt_succeeded	verified and committed
2026-04-28T05:21:41+02:00	F05	1	attempt_started	Update RuntimeProjection to parse all RuntimeEvent variants
2026-04-28T05:21:41+02:00	F05	1	spawn_started	codex exec started
2026-04-28T05:23:54+02:00	F05	1	spawn_succeeded	codex exec completed in 2m 13s
2026-04-28T05:23:54+02:00	F05	1	structural_check	grep -q 'AgentOutput\|FeedbackRecorded\|StateCheckpointed' crates/roko-runtime/src/projection.rs
2026-04-28T05:23:54+02:00	F05	1	structural_failed	grep -q 'AgentOutput\|FeedbackRecorded\|StateCheckpointed' crates/roko-runtime/src/projection.rs
2026-04-28T05:23:54+02:00	F05	1	attempt_failed	verification failed
2026-04-28T05:23:54+02:00	F05	1	attempt_backed_up	saved failed verify state for retry
2026-04-28T05:23:54+02:00	F05	2	attempt_preserved_retry	reusing dirty worktree state from failed prior attempt
2026-04-28T05:23:54+02:00	F05	2	spawn_started	codex exec started
2026-04-28T05:26:21+02:00	F05	2	spawn_succeeded	codex exec completed in 2m 27s
2026-04-28T05:26:21+02:00	F05	2	structural_check	grep -q 'AgentOutput\|FeedbackRecorded\|StateCheckpointed' crates/roko-runtime/src/projection.rs
2026-04-28T05:26:21+02:00	F05	2	verify_running	cargo check -p roko-runtime
2026-04-28T05:26:49+02:00	F05	2	verify_succeeded	all verification checks passed
2026-04-28T05:26:49+02:00	F05	2	commit_succeeded	4eaea389
2026-04-28T05:26:49+02:00	F05	2	attempt_succeeded	verified and committed
2026-04-28T05:26:49+02:00	F06	1	attempt_started	Remove WorkflowEvent/WorkflowEventConsumer, use roko-core
2026-04-28T05:26:49+02:00	F06	1	spawn_started	codex exec started
2026-04-28T05:33:27+02:00	F06	1	spawn_succeeded	codex exec completed in 6m 38s
2026-04-28T05:33:27+02:00	F06	1	structural_check	grep -q 'use roko_core::foundation::EventConsumer' crates/roko-runtime/src/workflow_engine.rs
2026-04-28T05:33:27+02:00	F06	1	structural_check	! grep -q 'pub trait WorkflowEventConsumer' crates/roko-runtime/src/workflow_engine.rs
2026-04-28T05:33:27+02:00	F06	1	verify_running	cargo check -p roko-runtime
2026-04-28T05:33:54+02:00	F06	1	verify_succeeded	all verification checks passed
2026-04-28T05:33:54+02:00	F06	1	commit_succeeded	f46b9984
2026-04-28T05:33:54+02:00	F06	1	attempt_succeeded	verified and committed
2026-04-28T05:33:54+02:00	S01	1	attempt_started	ModelCallService: wire to existing provider dispatch
2026-04-28T05:33:54+02:00	S01	1	spawn_started	codex exec started
2026-04-28T05:38:52+02:00	S01	1	spawn_succeeded	codex exec completed in 4m 58s
2026-04-28T05:38:52+02:00	S01	1	structural_check	grep -q 'adapter_for_kind\|create_agent_for_model\|InferenceProvider' crates/roko-agent/src/model_call_service.rs
2026-04-28T05:38:52+02:00	S01	1	verify_running	cargo check -p roko-agent
2026-04-28T05:39:40+02:00	S01	1	antipattern_check	! grep -rn 'Command::new.*claude' crates/roko-agent/src/model_call_service.rs
2026-04-28T05:39:40+02:00	S01	1	antipattern_check	! grep -rn 'format!.*You are' crates/roko-agent/src/model_call_service.rs
2026-04-28T05:39:40+02:00	S01	1	verify_succeeded	all verification checks passed
2026-04-28T05:39:40+02:00	S01	1	commit_succeeded	eded144d
2026-04-28T05:39:40+02:00	S01	1	attempt_succeeded	verified and committed
2026-04-28T05:39:40+02:00	S02	1	attempt_started	ModelCallService: add Anthropic API + OpenAI-compat backends
2026-04-28T05:39:40+02:00	S02	1	spawn_started	codex exec started
2026-04-28T05:45:48+02:00	S02	1	spawn_succeeded	codex exec completed in 6m 8s
2026-04-28T05:45:48+02:00	S02	1	verify_running	cargo check -p roko-agent
2026-04-28T05:46:36+02:00	S02	1	antipattern_check	! grep -rn 'Command::new.*claude' crates/roko-agent/src/model_call_service.rs
2026-04-28T05:46:36+02:00	S02	1	antipattern_check	! grep -rn 'format!.*You are' crates/roko-agent/src/model_call_service.rs
2026-04-28T05:46:36+02:00	S02	1	verify_succeeded	all verification checks passed
2026-04-28T05:46:36+02:00	S02	1	commit_succeeded	6ebdc21e
2026-04-28T05:46:36+02:00	S02	1	attempt_succeeded	verified and committed
2026-04-28T05:46:36+02:00	S03	1	attempt_started	ModelCallService: integrate CascadeRouter for model selection
2026-04-28T05:46:36+02:00	S03	1	spawn_started	codex exec started
2026-04-28T05:50:34+02:00	S03	1	spawn_succeeded	codex exec completed in 3m 58s
2026-04-28T05:50:34+02:00	S03	1	structural_check	grep -q 'CascadeRouter' crates/roko-agent/src/model_call_service.rs
2026-04-28T05:50:34+02:00	S03	1	verify_running	cargo check -p roko-agent
2026-04-28T05:51:17+02:00	S03	1	antipattern_check	! grep -rn 'Command::new.*claude' crates/roko-agent/src/model_call_service.rs
2026-04-28T05:51:17+02:00	S03	1	antipattern_check	! grep -rn 'format!.*You are' crates/roko-agent/src/model_call_service.rs
2026-04-28T05:51:17+02:00	S03	1	verify_succeeded	all verification checks passed
2026-04-28T05:51:18+02:00	S03	1	commit_succeeded	fc9608b3
2026-04-28T05:51:18+02:00	S03	1	attempt_succeeded	verified and committed
2026-04-28T05:51:18+02:00	S04	1	attempt_started	ModelCallService: add cost tracking + cost prediction
2026-04-28T05:51:18+02:00	S04	1	spawn_started	codex exec started
2026-04-28T05:55:30+02:00	S04	1	spawn_succeeded	codex exec completed in 4m 12s
2026-04-28T05:55:30+02:00	S04	1	structural_check	grep -q 'cost_usd\|cost_predict\|CostTable' crates/roko-agent/src/model_call_service.rs
2026-04-28T05:55:30+02:00	S04	1	verify_running	cargo check -p roko-agent
2026-04-28T05:56:12+02:00	S04	1	antipattern_check	! grep -rn 'Command::new.*claude' crates/roko-agent/src/model_call_service.rs
2026-04-28T05:56:12+02:00	S04	1	antipattern_check	! grep -rn 'format!.*You are' crates/roko-agent/src/model_call_service.rs
2026-04-28T05:56:12+02:00	S04	1	verify_succeeded	all verification checks passed
2026-04-28T05:56:12+02:00	S04	1	commit_succeeded	17209031
2026-04-28T05:56:12+02:00	S04	1	attempt_succeeded	verified and committed
2026-04-28T05:56:12+02:00	S05	1	attempt_started	ModelCallService: add MCP config passthrough
2026-04-28T05:56:12+02:00	S05	1	spawn_started	codex exec started
2026-04-28T06:01:01+02:00	S05	1	spawn_succeeded	codex exec completed in 4m 49s
2026-04-28T06:01:01+02:00	S05	1	verify_running	cargo check -p roko-agent
2026-04-28T06:01:45+02:00	S05	1	antipattern_check	! grep -rn 'Command::new.*claude' crates/roko-agent/src/model_call_service.rs
2026-04-28T06:01:45+02:00	S05	1	antipattern_check	! grep -rn 'format!.*You are' crates/roko-agent/src/model_call_service.rs
2026-04-28T06:01:45+02:00	S05	1	verify_succeeded	all verification checks passed
2026-04-28T06:01:45+02:00	S05	1	commit_succeeded	bab14a07
2026-04-28T06:01:45+02:00	S05	1	attempt_succeeded	verified and committed
2026-04-28T06:01:45+02:00	S06	1	attempt_started	PromptAssemblyService: wire full 9-layer SystemPromptBuilder
2026-04-28T06:01:45+02:00	S06	1	spawn_started	codex exec started
2026-04-28T06:07:03+02:00	S06	1	spawn_succeeded	codex exec completed in 5m 18s
2026-04-28T06:07:03+02:00	S06	1	structural_check	grep -q 'SystemPromptBuilder' crates/roko-compose/src/prompt_assembly_service.rs
2026-04-28T06:07:03+02:00	S06	1	verify_running	cargo check -p roko-compose
2026-04-28T06:08:06+02:00	S06	1	antipattern_check	! grep -rn 'Command::new.*claude' crates/roko-compose/src/prompt_assembly_service.rs
2026-04-28T06:08:06+02:00	S06	1	antipattern_check	! grep -rn 'format!.*You are.*the' crates/roko-compose/src/prompt_assembly_service.rs
2026-04-28T06:08:06+02:00	S06	1	verify_succeeded	all verification checks passed
2026-04-28T06:08:07+02:00	S06	1	commit_succeeded	3255ae14
2026-04-28T06:08:07+02:00	S06	1	attempt_succeeded	verified and committed
2026-04-28T06:08:07+02:00	S07	1	attempt_started	PromptAssemblyService: add ContextSource for neuro/knowledge
2026-04-28T06:08:07+02:00	S07	1	spawn_started	codex exec started
2026-04-28T06:12:37+02:00	S07	1	spawn_succeeded	codex exec completed in 4m 29s
2026-04-28T06:12:37+02:00	S07	1	verify_running	cargo check -p roko-compose
2026-04-28T06:13:35+02:00	S07	1	antipattern_check	! grep -rn 'Command::new.*claude' crates/roko-compose/src/prompt_assembly_service.rs
2026-04-28T06:13:35+02:00	S07	1	antipattern_check	! grep -rn 'format!.*You are.*the' crates/roko-compose/src/prompt_assembly_service.rs
2026-04-28T06:13:35+02:00	S07	1	verify_succeeded	all verification checks passed
2026-04-28T06:13:35+02:00	S07	1	commit_succeeded	f41ab0a6
2026-04-28T06:13:35+02:00	S07	1	attempt_succeeded	verified and committed
2026-04-28T06:13:35+02:00	S08	1	attempt_started	PromptAssemblyService: add ContextSource for episodes + playbooks
2026-04-28T06:13:35+02:00	S08	1	spawn_started	codex exec started
2026-04-28T06:18:21+02:00	S08	1	spawn_succeeded	codex exec completed in 4m 46s
2026-04-28T06:18:21+02:00	S08	1	verify_running	cargo check -p roko-compose
2026-04-28T06:19:18+02:00	S08	1	antipattern_check	! grep -rn 'Command::new.*claude' crates/roko-compose/src/prompt_assembly_service.rs
2026-04-28T06:19:18+02:00	S08	1	antipattern_check	! grep -rn 'format!.*You are.*the' crates/roko-compose/src/prompt_assembly_service.rs
2026-04-28T06:19:18+02:00	S08	1	verify_succeeded	all verification checks passed
2026-04-28T06:19:18+02:00	S08	1	commit_succeeded	b7e8cb5f
2026-04-28T06:19:18+02:00	S08	1	attempt_succeeded	verified and committed
2026-04-28T06:19:18+02:00	S09	1	attempt_started	PromptAssemblyService: add section effectiveness scoring
2026-04-28T06:19:18+02:00	S09	1	spawn_started	codex exec started
2026-04-28T06:24:00+02:00	S09	1	spawn_succeeded	codex exec completed in 4m 42s
2026-04-28T06:24:00+02:00	S09	1	verify_running	cargo check -p roko-compose
2026-04-28T06:24:59+02:00	S09	1	antipattern_check	! grep -rn 'Command::new.*claude' crates/roko-compose/src/prompt_assembly_service.rs
2026-04-28T06:24:59+02:00	S09	1	antipattern_check	! grep -rn 'format!.*You are.*the' crates/roko-compose/src/prompt_assembly_service.rs
2026-04-28T06:24:59+02:00	S09	1	verify_succeeded	all verification checks passed
2026-04-28T06:24:59+02:00	S09	1	commit_succeeded	e58b5cc9
2026-04-28T06:24:59+02:00	S09	1	attempt_succeeded	verified and committed
2026-04-28T06:24:59+02:00	S10	1	attempt_started	FeedbackService: add episode recording sink
2026-04-28T06:24:59+02:00	S10	1	spawn_started	codex exec started
2026-04-28T06:29:10+02:00	S10	1	spawn_succeeded	codex exec completed in 4m 11s
2026-04-28T06:29:10+02:00	S10	1	structural_check	grep -q 'episode\|Episode' crates/roko-learn/src/feedback_service.rs
2026-04-28T06:29:10+02:00	S10	1	verify_running	cargo check -p roko-learn
2026-04-28T06:29:59+02:00	S10	1	verify_succeeded	all verification checks passed
2026-04-28T06:30:00+02:00	S10	1	commit_succeeded	611eb788
2026-04-28T06:30:00+02:00	S10	1	attempt_succeeded	verified and committed
2026-04-28T06:30:00+02:00	S11	1	attempt_started	FeedbackService: add CascadeRouter bandit observation
2026-04-28T06:30:00+02:00	S11	1	spawn_started	codex exec started
2026-04-28T06:34:26+02:00	S11	1	spawn_succeeded	codex exec completed in 4m 26s
2026-04-28T06:34:26+02:00	S11	1	verify_running	cargo check -p roko-learn
2026-04-28T06:35:15+02:00	S11	1	verify_succeeded	all verification checks passed
2026-04-28T06:35:15+02:00	S11	1	commit_succeeded	3a7b5f9a
2026-04-28T06:35:15+02:00	S11	1	attempt_succeeded	verified and committed
2026-04-28T06:35:15+02:00	S12	1	attempt_started	GateService: add remaining rungs 3-6
2026-04-28T06:35:16+02:00	S12	1	spawn_started	codex exec started
2026-04-28T06:39:35+02:00	S12	1	spawn_succeeded	codex exec completed in 4m 19s
2026-04-28T06:39:35+02:00	S12	1	structural_check	grep -q 'rung.*[3-6]\|DiffGate\|diff' crates/roko-gate/src/gate_service.rs
2026-04-28T06:39:35+02:00	S12	1	verify_running	cargo check -p roko-gate
2026-04-28T06:40:21+02:00	S12	1	verify_succeeded	all verification checks passed
2026-04-28T06:40:21+02:00	S12	1	commit_succeeded	a15aed32
2026-04-28T06:40:21+02:00	S12	1	attempt_succeeded	verified and committed
2026-04-28T06:40:21+02:00	S13	1	attempt_started	GateService: add adaptive threshold integration
2026-04-28T06:40:21+02:00	S13	1	spawn_started	codex exec started
2026-04-28T06:44:37+02:00	S13	1	spawn_succeeded	codex exec completed in 4m 16s
2026-04-28T06:44:37+02:00	S13	1	verify_running	cargo check -p roko-gate
2026-04-28T06:45:24+02:00	S13	1	verify_succeeded	all verification checks passed
2026-04-28T06:45:24+02:00	S13	1	commit_succeeded	6119fc34
2026-04-28T06:45:24+02:00	S13	1	attempt_succeeded	verified and committed
2026-04-28T06:45:24+02:00	E01	1	attempt_started	PipelineStateV2: add TOML workflow config loading
2026-04-28T06:45:25+02:00	E01	1	spawn_started	codex exec started
2026-04-28T06:49:22+02:00	E01	1	spawn_succeeded	codex exec completed in 3m 57s
2026-04-28T06:49:22+02:00	E01	1	structural_check	grep -q 'toml\|Toml\|TOML\|from_toml\|WorkflowConfig' crates/roko-runtime/src/pipeline_state.rs
2026-04-28T06:49:22+02:00	E01	1	verify_running	cargo check -p roko-runtime
2026-04-28T06:49:54+02:00	E01	1	verify_running	cargo test -p roko-runtime --lib -- pipeline_state
2026-04-28T06:50:38+02:00	E01	1	verify_succeeded	all verification checks passed
2026-04-28T06:50:38+02:00	E01	1	commit_succeeded	17d92a2b
2026-04-28T06:50:38+02:00	E01	1	attempt_succeeded	verified and committed
2026-04-28T06:50:38+02:00	E02	1	attempt_started	PipelineStateV2: add checkpoint serialization + resume
2026-04-28T06:50:38+02:00	E02	1	spawn_started	codex exec started
2026-04-28T06:52:35+02:00	E02	1	spawn_succeeded	codex exec completed in 1m 57s
2026-04-28T06:52:35+02:00	E02	1	structural_check	grep -q 'Serialize\|Deserialize\|checkpoint\|resume' crates/roko-runtime/src/pipeline_state.rs
2026-04-28T06:52:35+02:00	E02	1	verify_running	cargo check -p roko-runtime
2026-04-28T06:53:01+02:00	E02	1	verify_running	cargo test -p roko-runtime --lib -- pipeline_state
2026-04-28T06:53:40+02:00	E02	1	verify_succeeded	all verification checks passed
2026-04-28T06:53:40+02:00	E02	1	commit_succeeded	197fb5df
2026-04-28T06:53:40+02:00	E02	1	attempt_succeeded	verified and committed
2026-04-28T06:53:40+02:00	E03	1	attempt_started	EffectDriver: wire real agent spawn via ModelCallService
2026-04-28T06:53:40+02:00	E03	1	spawn_started	codex exec started
2026-04-28T06:54:36+02:00	E03	1	spawn_succeeded	codex exec completed in 56s
2026-04-28T06:54:36+02:00	E03	1	structural_check	grep -q 'model_caller\|ModelCaller' crates/roko-runtime/src/effect_driver.rs
2026-04-28T06:54:36+02:00	E03	1	verify_running	cargo check -p roko-runtime
2026-04-28T06:55:02+02:00	E03	1	antipattern_check	! grep -rn 'Command::new.*claude' crates/roko-runtime/src/effect_driver.rs
2026-04-28T06:55:02+02:00	E03	1	antipattern_check	! grep -rn 'if.*phase.*==' crates/roko-runtime/src/effect_driver.rs
2026-04-28T06:55:02+02:00	E03	1	verify_succeeded	all verification checks passed
2026-04-28T06:55:02+02:00	E03	1	commit_succeeded	fa6be64a
2026-04-28T06:55:02+02:00	E03	1	attempt_succeeded	verified and committed
2026-04-28T06:55:02+02:00	E04	1	attempt_started	EffectDriver: implement commit effect (git add + commit)
2026-04-28T06:55:02+02:00	E04	1	spawn_started	codex exec started
2026-04-28T06:56:01+02:00	E04	1	spawn_succeeded	codex exec completed in 59s
2026-04-28T06:56:01+02:00	E04	1	verify_running	cargo check -p roko-runtime
2026-04-28T06:56:27+02:00	E04	1	antipattern_check	! grep -rn 'Command::new.*claude' crates/roko-runtime/src/effect_driver.rs
2026-04-28T06:56:27+02:00	E04	1	antipattern_check	! grep -rn 'if.*phase.*==' crates/roko-runtime/src/effect_driver.rs
2026-04-28T06:56:27+02:00	E04	1	verify_succeeded	all verification checks passed
2026-04-28T06:56:27+02:00	E04	1	commit_succeeded	b8501773
2026-04-28T06:56:27+02:00	E04	1	attempt_succeeded	verified and committed
2026-04-28T06:56:27+02:00	E05	1	attempt_started	EffectDriver: implement checkpoint effect
2026-04-28T06:56:27+02:00	E05	1	spawn_started	codex exec started
2026-04-28T06:57:23+02:00	E05	1	spawn_succeeded	codex exec completed in 56s
2026-04-28T06:57:23+02:00	E05	1	verify_running	cargo check -p roko-runtime
2026-04-28T06:57:50+02:00	E05	1	antipattern_check	! grep -rn 'Command::new.*claude' crates/roko-runtime/src/effect_driver.rs
2026-04-28T06:57:50+02:00	E05	1	antipattern_check	! grep -rn 'if.*phase.*==' crates/roko-runtime/src/effect_driver.rs
2026-04-28T06:57:50+02:00	E05	1	verify_succeeded	all verification checks passed
2026-04-28T06:57:51+02:00	E05	1	commit_succeeded	42593f93
2026-04-28T06:57:51+02:00	E05	1	attempt_succeeded	verified and committed
2026-04-28T06:57:51+02:00	E06	1	attempt_started	WorkflowEngine: add progress callback + event emission
2026-04-28T06:57:51+02:00	E06	1	spawn_started	codex exec started
2026-04-28T06:59:02+02:00	E06	1	spawn_succeeded	codex exec completed in 1m 11s
2026-04-28T06:59:02+02:00	E06	1	structural_check	grep -q 'EventConsumer\|event_consumer\|consumers' crates/roko-runtime/src/workflow_engine.rs
2026-04-28T06:59:02+02:00	E06	1	verify_running	cargo check -p roko-runtime
2026-04-28T06:59:29+02:00	E06	1	antipattern_check	! grep -rn 'Command::new' crates/roko-runtime/src/workflow_engine.rs
2026-04-28T06:59:29+02:00	E06	1	verify_succeeded	all verification checks passed
2026-04-28T06:59:29+02:00	E06	1	commit_succeeded	3a504657
2026-04-28T06:59:29+02:00	E06	1	attempt_succeeded	verified and committed
2026-04-28T06:59:29+02:00	E07	1	attempt_started	WorkflowEngine: add cancellation via CancellationToken
2026-04-28T06:59:29+02:00	E07	1	spawn_started	codex exec started
2026-04-28T07:01:38+02:00	E07	1	spawn_succeeded	codex exec completed in 2m 9s
2026-04-28T07:01:38+02:00	E07	1	verify_running	cargo check -p roko-runtime
2026-04-28T07:02:04+02:00	E07	1	antipattern_check	! grep -rn 'Command::new' crates/roko-runtime/src/workflow_engine.rs
2026-04-28T07:02:04+02:00	E07	1	verify_succeeded	all verification checks passed
2026-04-28T07:02:04+02:00	E07	1	commit_succeeded	640c904b
2026-04-28T07:02:04+02:00	E07	1	attempt_succeeded	verified and committed
2026-04-28T07:02:05+02:00	E08	1	attempt_started	WorkflowEngine: add resume from checkpoint
2026-04-28T07:02:05+02:00	E08	1	spawn_started	codex exec started
2026-04-28T07:05:46+02:00	E08	1	spawn_succeeded	codex exec completed in 3m 41s
2026-04-28T07:05:46+02:00	E08	1	verify_running	cargo check -p roko-runtime
2026-04-28T07:06:16+02:00	E08	1	antipattern_check	! grep -rn 'Command::new' crates/roko-runtime/src/workflow_engine.rs
2026-04-28T07:06:16+02:00	E08	1	verify_succeeded	all verification checks passed
2026-04-28T07:06:16+02:00	E08	1	commit_succeeded	4e188378
2026-04-28T07:06:17+02:00	E08	1	attempt_succeeded	verified and committed
2026-04-28T07:06:17+02:00	W01	1	attempt_started	Add --engine v2/legacy flag to roko run CLI
2026-04-28T07:06:17+02:00	W01	1	spawn_started	codex exec started
2026-04-28T07:13:25+02:00	W01	1	spawn_succeeded	codex exec completed in 7m 8s
2026-04-28T07:13:25+02:00	W01	1	structural_check	grep -q 'engine\|Engine\|--engine\|legacy' crates/roko-cli/src/run.rs
2026-04-28T07:13:25+02:00	W01	1	verify_running	cargo check -p roko-cli
2026-04-28T07:15:26+02:00	W01	1	verify_failed	cargo check -p roko-cli
2026-04-28T07:15:26+02:00	W01	1	attempt_failed	verification failed
2026-04-28T07:15:26+02:00	W01	1	attempt_backed_up	saved failed verify state for retry
2026-04-28T07:15:26+02:00	W01	2	attempt_preserved_retry	reusing dirty worktree state from failed prior attempt
2026-04-28T07:15:26+02:00	W01	2	spawn_started	codex exec started
2026-04-28T07:21:43+02:00	W01	2	spawn_succeeded	codex exec completed in 6m 17s
2026-04-28T07:21:43+02:00	W01	2	structural_check	grep -q 'engine\|Engine\|--engine\|legacy' crates/roko-cli/src/run.rs
2026-04-28T07:21:43+02:00	W01	2	verify_running	cargo check -p roko-cli
2026-04-28T07:23:42+02:00	W01	2	verify_failed	cargo check -p roko-cli
2026-04-28T07:23:42+02:00	W01	2	attempt_failed	verification failed
2026-04-28T07:23:42+02:00	W05	1	attempt_backed_up	saved dirty worktree before reset
2026-04-28T07:23:42+02:00	W05	1	attempt_started	Wire ACP bridge_events to use WorkflowEngine
2026-04-28T07:23:43+02:00	W05	1	spawn_started	codex exec started
2026-04-28T07:32:41+02:00	W05	1	spawn_succeeded	codex exec completed in 8m 59s
2026-04-28T07:32:41+02:00	W05	1	verify_running	cargo check -p roko-acp
2026-04-28T07:33:28+02:00	W05	1	antipattern_check	! grep -rn 'Command::new.*claude' crates/roko-acp/src/bridge_events.rs
2026-04-28T07:33:28+02:00	W05	1	antipattern_check	! grep -rn 'Command::new.*claude' crates/roko-acp/src/runner.rs
2026-04-28T07:33:28+02:00	W05	1	verify_succeeded	all verification checks passed
2026-04-28T07:33:28+02:00	W05	1	commit_succeeded	9077235e
2026-04-28T07:33:28+02:00	W05	1	attempt_succeeded	verified and committed
2026-04-28T07:33:28+02:00	W06	1	attempt_started	Wire unified.rs oneshot to use ModelCallService
2026-04-28T07:33:29+02:00	W06	1	spawn_started	codex exec started
2026-04-28T07:41:55+02:00	W06	1	spawn_succeeded	codex exec completed in 8m 26s
2026-04-28T07:41:55+02:00	W06	1	verify_running	cargo check -p roko-cli
2026-04-28T07:44:15+02:00	W06	1	verify_failed	cargo check -p roko-cli
2026-04-28T07:44:15+02:00	W06	1	attempt_failed	verification failed
2026-04-28T07:44:15+02:00	W06	1	attempt_backed_up	saved failed verify state for retry
2026-04-28T07:44:15+02:00	W06	2	attempt_preserved_retry	reusing dirty worktree state from failed prior attempt
2026-04-28T07:44:15+02:00	W06	2	spawn_started	codex exec started
2026-04-28T07:50:53+02:00	W06	2	spawn_succeeded	codex exec completed in 6m 38s
2026-04-28T07:50:53+02:00	W06	2	verify_running	cargo check -p roko-cli
2026-04-28T07:53:07+02:00	W06	2	verify_failed	cargo check -p roko-cli
2026-04-28T07:53:07+02:00	W06	2	attempt_failed	verification failed
2026-04-28T07:53:07+02:00	W07	1	attempt_backed_up	saved dirty worktree before reset
2026-04-28T07:53:07+02:00	W07	1	attempt_started	Wire roko-serve background tasks to WorkflowEngine events
2026-04-28T07:53:07+02:00	W07	1	spawn_started	codex exec started
2026-04-28T08:03:29+02:00	W07	1	spawn_succeeded	codex exec completed in 10m 22s
2026-04-28T08:03:29+02:00	W07	1	verify_running	cargo check -p roko-serve
2026-04-28T08:05:43+02:00	W07	1	verify_succeeded	all verification checks passed
2026-04-28T08:05:43+02:00	W07	1	commit_succeeded	1087fb87
2026-04-28T08:05:43+02:00	W07	1	attempt_succeeded	verified and committed
2026-04-28T08:05:43+02:00	W08	1	attempt_started	Wire roko-serve SSE to WorkflowEngine RuntimeEvent stream
2026-04-28T08:05:43+02:00	W08	1	spawn_started	codex exec started
2026-04-28T08:13:32+02:00	W08	1	spawn_succeeded	codex exec completed in 7m 49s
2026-04-28T08:13:32+02:00	W08	1	verify_running	cargo check -p roko-serve
2026-04-28T08:15:44+02:00	W08	1	verify_succeeded	all verification checks passed
2026-04-28T08:15:44+02:00	W08	1	commit_succeeded	5e1dc5af
2026-04-28T08:15:44+02:00	W08	1	attempt_succeeded	verified and committed
2026-04-28T08:15:44+02:00	O02	1	attempt_started	Wire RuntimeProjection to roko-serve dashboard routes
2026-04-28T08:15:44+02:00	O02	1	spawn_started	codex exec started
2026-04-28T08:18:48+02:00	O02	1	spawn_succeeded	codex exec completed in 3m 4s
2026-04-28T08:18:48+02:00	O02	1	verify_running	cargo check -p roko-serve
2026-04-28T08:21:01+02:00	O02	1	verify_succeeded	all verification checks passed
2026-04-28T08:21:01+02:00	O02	1	commit_succeeded	4e3b9c6e
2026-04-28T08:21:01+02:00	O02	1	attempt_succeeded	verified and committed
2026-04-28T08:21:01+02:00	O04	1	attempt_started	Create CLI progress printer (Clack-style output)
2026-04-28T08:21:01+02:00	O04	1	spawn_started	codex exec started
2026-04-28T08:24:48+02:00	O04	1	spawn_succeeded	codex exec completed in 3m 47s
2026-04-28T08:24:48+02:00	O04	1	structural_check	grep -q 'pub struct\|pub fn' crates/roko-cli/src/output_format.rs
2026-04-28T08:24:48+02:00	O04	1	verify_running	cargo check -p roko-cli
2026-04-28T08:27:13+02:00	O04	1	verify_failed	cargo check -p roko-cli
2026-04-28T08:27:13+02:00	O04	1	attempt_failed	verification failed
2026-04-28T08:27:13+02:00	O04	1	attempt_backed_up	saved failed verify state for retry
2026-04-28T08:27:13+02:00	O04	2	attempt_preserved_retry	reusing dirty worktree state from failed prior attempt
2026-04-28T08:27:13+02:00	O04	2	spawn_started	codex exec started
2026-04-28T08:30:43+02:00	O04	2	spawn_succeeded	codex exec completed in 3m 30s
2026-04-28T08:30:43+02:00	O04	2	structural_check	grep -q 'pub struct\|pub fn' crates/roko-cli/src/output_format.rs
2026-04-28T08:30:43+02:00	O04	2	verify_running	cargo check -p roko-cli
2026-04-28T08:33:07+02:00	O04	2	verify_failed	cargo check -p roko-cli
2026-04-28T08:33:07+02:00	O04	2	attempt_failed	verification failed
2026-04-28T08:33:07+02:00	R01	1	attempt_backed_up	saved dirty worktree before reset
2026-04-28T08:33:07+02:00	R01	1	attempt_started	Add legacy-orchestrate feature to roko-cli Cargo.toml
2026-04-28T08:33:08+02:00	R01	1	spawn_started	codex exec started
2026-04-28T08:35:59+02:00	R01	1	spawn_succeeded	codex exec completed in 2m 51s
2026-04-28T08:35:59+02:00	R01	1	structural_check	grep -q 'legacy-orchestrate' crates/roko-cli/Cargo.toml
2026-04-28T08:35:59+02:00	R01	1	verify_running	cargo check -p roko-cli
2026-04-28T08:38:18+02:00	R01	1	verify_failed	cargo check -p roko-cli
2026-04-28T08:38:18+02:00	R01	1	attempt_failed	verification failed
2026-04-28T08:38:18+02:00	R01	1	attempt_backed_up	saved failed verify state for retry
2026-04-28T08:38:18+02:00	R01	2	attempt_preserved_retry	reusing dirty worktree state from failed prior attempt
2026-04-28T08:38:18+02:00	R01	2	spawn_started	codex exec started
2026-04-28T08:41:13+02:00	R01	2	spawn_succeeded	codex exec completed in 2m 55s
2026-04-28T08:41:13+02:00	R01	2	structural_check	grep -q 'legacy-orchestrate' crates/roko-cli/Cargo.toml
2026-04-28T08:41:13+02:00	R01	2	verify_running	cargo check -p roko-cli
2026-04-28T08:43:35+02:00	R01	2	verify_failed	cargo check -p roko-cli
2026-04-28T08:43:35+02:00	R01	2	attempt_failed	verification failed
2026-04-28T08:43:36+02:00	C01	1	attempt_backed_up	saved dirty worktree before reset
2026-04-28T08:43:36+02:00	C01	1	attempt_started	Create output_format.rs: Clack-style symbols + ANSI colors
2026-04-28T08:43:36+02:00	C01	1	spawn_started	codex exec started
2026-04-28T08:47:35+02:00	C01	1	spawn_succeeded	codex exec completed in 3m 59s
2026-04-28T08:47:35+02:00	C01	1	structural_check	grep -q 'pub struct\|pub fn' crates/roko-cli/src/output_format.rs
2026-04-28T08:47:35+02:00	C01	1	verify_running	cargo check -p roko-cli
2026-04-28T08:50:00+02:00	C01	1	verify_failed	cargo check -p roko-cli
2026-04-28T08:50:00+02:00	C01	1	attempt_failed	verification failed
2026-04-28T08:50:01+02:00	C01	1	attempt_backed_up	saved failed verify state for retry
2026-04-28T08:50:01+02:00	C01	2	attempt_preserved_retry	reusing dirty worktree state from failed prior attempt
2026-04-28T08:50:01+02:00	C01	2	spawn_started	codex exec started
2026-04-28T08:53:25+02:00	C01	2	spawn_succeeded	codex exec completed in 3m 24s
2026-04-28T08:53:25+02:00	C01	2	structural_check	grep -q 'pub struct\|pub fn' crates/roko-cli/src/output_format.rs
2026-04-28T08:53:25+02:00	C01	2	verify_running	cargo check -p roko-cli
2026-04-28T08:55:45+02:00	C01	2	verify_failed	cargo check -p roko-cli
2026-04-28T08:55:45+02:00	C01	2	attempt_failed	verification failed
2026-04-28T08:55:45+02:00	C11	1	attempt_backed_up	saved dirty worktree before reset
2026-04-28T08:55:45+02:00	C11	1	attempt_started	Dashboard SPA: wire knowledge + learning + agents APIs
2026-04-28T08:55:46+02:00	C11	1	spawn_started	codex exec started
2026-04-28T08:58:20+02:00	C11	1	spawn_succeeded	codex exec completed in 2m 34s
2026-04-28T08:58:20+02:00	C11	1	verify_running	echo 'SPA check skipped — no cargo gate for JS/TS'
2026-04-28T08:58:20+02:00	C11	1	verify_succeeded	all verification checks passed
2026-04-28T08:58:20+02:00	C11	1	commit_succeeded	ffcd5ca7
2026-04-28T08:58:20+02:00	C11	1	attempt_succeeded	verified and committed
2026-04-28T08:58:21+02:00	T01	1	attempt_started	Integration test: WorkflowEngine express workflow
2026-04-28T08:58:21+02:00	T01	1	spawn_started	codex exec started
2026-04-28T09:02:53+02:00	T01	1	spawn_succeeded	codex exec completed in 4m 32s
2026-04-28T09:02:53+02:00	T01	1	structural_check	grep -q '#\[tokio::test\]' crates/roko-runtime/src/workflow_engine.rs
2026-04-28T09:02:53+02:00	T01	1	verify_running	cargo test -p roko-runtime --lib -- workflow_engine
2026-04-28T09:03:51+02:00	T01	1	verify_succeeded	all verification checks passed
2026-04-28T09:03:52+02:00	T01	1	commit_succeeded	9eedf903
2026-04-28T09:03:52+02:00	T01	1	attempt_succeeded	verified and committed
2026-04-28T09:03:52+02:00	T02	1	attempt_started	Integration test: WorkflowEngine standard with gate
2026-04-28T09:03:52+02:00	T02	1	spawn_started	codex exec started
2026-04-28T09:05:41+02:00	T02	1	spawn_succeeded	codex exec completed in 1m 49s
2026-04-28T09:05:41+02:00	T02	1	verify_running	cargo test -p roko-runtime --lib -- workflow_engine
2026-04-28T09:06:34+02:00	T02	1	verify_succeeded	all verification checks passed
2026-04-28T09:06:34+02:00	T02	1	commit_succeeded	d3c3effd
2026-04-28T09:06:34+02:00	T02	1	attempt_succeeded	verified and committed
2026-04-28T09:06:34+02:00	T03	1	attempt_started	Integration test: WorkflowEngine checkpoint + resume
2026-04-28T09:06:34+02:00	T03	1	spawn_started	codex exec started
2026-04-28T09:08:42+02:00	T03	1	spawn_succeeded	codex exec completed in 2m 8s
2026-04-28T09:08:42+02:00	T03	1	verify_running	cargo test -p roko-runtime --lib -- workflow_engine
2026-04-28T09:09:36+02:00	T03	1	verify_succeeded	all verification checks passed
2026-04-28T09:09:36+02:00	T03	1	commit_succeeded	b13df8e9
2026-04-28T09:09:36+02:00	T03	1	attempt_succeeded	verified and committed
2026-04-28T09:09:36+02:00	D01	1	attempt_started	Extract AffectPolicy trait to roko-core foundation
2026-04-28T09:09:36+02:00	D01	1	spawn_started	codex exec started
2026-04-28T09:10:59+02:00	D01	1	spawn_succeeded	codex exec completed in 1m 23s
2026-04-28T09:10:59+02:00	D01	1	structural_check	grep -q 'pub trait AffectPolicy' crates/roko-core/src/foundation.rs
2026-04-28T09:10:59+02:00	D01	1	structural_check	grep -q 'pub struct AffectContext' crates/roko-core/src/foundation.rs
2026-04-28T09:10:59+02:00	D01	1	structural_check	grep -q 'pub struct NoOpAffectPolicy' crates/roko-core/src/foundation.rs
2026-04-28T09:10:59+02:00	D01	1	structural_check	grep -q 'BehavioralState' crates/roko-core/src/foundation.rs
2026-04-28T09:10:59+02:00	D01	1	verify_running	cargo check -p roko-core
2026-04-28T09:11:26+02:00	D01	1	verify_succeeded	all verification checks passed
2026-04-28T09:11:26+02:00	D01	1	commit_succeeded	dadf1b2e
2026-04-28T09:11:26+02:00	D01	1	attempt_succeeded	verified and committed
2026-04-28T09:11:26+02:00	D02	1	attempt_started	Implement DaimonPolicy wrapping DaimonState
2026-04-28T09:11:26+02:00	D02	1	spawn_started	codex exec started
2026-04-28T09:13:01+02:00	D02	1	spawn_succeeded	codex exec completed in 1m 35s
2026-04-28T09:13:01+02:00	D02	1	structural_check	grep -q 'pub struct DaimonPolicy' crates/roko-daimon/src/policy.rs
2026-04-28T09:13:01+02:00	D02	1	structural_check	grep -q 'impl AffectPolicy for DaimonPolicy' crates/roko-daimon/src/policy.rs
2026-04-28T09:13:01+02:00	D02	1	structural_check	grep -q 'pub mod policy' crates/roko-daimon/src/lib.rs
2026-04-28T09:13:01+02:00	D02	1	verify_running	cargo check -p roko-daimon
2026-04-28T09:13:30+02:00	D02	1	verify_succeeded	all verification checks passed
2026-04-28T09:13:31+02:00	D02	1	commit_succeeded	9a111b96
2026-04-28T09:13:31+02:00	D02	1	attempt_succeeded	verified and committed
2026-04-28T09:13:31+02:00	D03	1	attempt_started	Wire AffectPolicy into WorkflowEngine + EffectDriver
2026-04-28T09:13:31+02:00	D03	1	spawn_started	codex exec started
2026-04-28T09:17:28+02:00	D03	1	spawn_succeeded	codex exec completed in 3m 57s
2026-04-28T09:17:28+02:00	D03	1	structural_check	grep -q 'affect_policy\|AffectPolicy' crates/roko-runtime/src/workflow_engine.rs
2026-04-28T09:17:28+02:00	D03	1	structural_check	grep -q 'affect_policy\|AffectPolicy' crates/roko-runtime/src/effect_driver.rs
2026-04-28T09:17:28+02:00	D03	1	verify_running	cargo check -p roko-runtime
2026-04-28T09:17:58+02:00	D03	1	antipattern_check	! grep -rn 'Command::new.*claude' crates/roko-runtime/src/effect_driver.rs
2026-04-28T09:17:58+02:00	D03	1	verify_succeeded	all verification checks passed
2026-04-28T09:17:58+02:00	D03	1	commit_succeeded	eb9c379c
2026-04-28T09:17:58+02:00	D03	1	attempt_succeeded	verified and committed
2026-04-28T09:17:58+02:00	G01	1	attempt_started	Service contract: unified request/response types
2026-04-28T09:17:59+02:00	G01	1	spawn_started	codex exec started
2026-04-28T09:21:28+02:00	G01	1	spawn_succeeded	codex exec completed in 3m 29s
2026-04-28T09:21:28+02:00	G01	1	structural_check	grep -q 'CallerIdentity\|CachePolicy\|TokenBudget' crates/roko-core/src/foundation.rs
2026-04-28T09:21:28+02:00	G01	1	verify_running	cargo check -p roko-core
2026-04-28T09:21:55+02:00	G01	1	verify_succeeded	all verification checks passed
2026-04-28T09:21:55+02:00	G01	1	commit_succeeded	c9820d49
2026-04-28T09:21:55+02:00	G01	1	attempt_succeeded	verified and committed
2026-04-28T09:21:55+02:00	G02	1	attempt_started	Durable gateway event writer + projection
2026-04-28T09:21:55+02:00	G02	1	spawn_started	codex exec started
2026-04-28T09:26:44+02:00	G02	1	spawn_succeeded	codex exec completed in 4m 49s
2026-04-28T09:26:44+02:00	G02	1	structural_check	grep -q 'pub struct GatewayEventWriter' crates/roko-agent/src/gateway_events.rs
2026-04-28T09:26:44+02:00	G02	1	structural_check	grep -q 'pub mod gateway_events' crates/roko-agent/src/lib.rs
2026-04-28T09:26:44+02:00	G02	1	verify_running	cargo check -p roko-agent
2026-04-28T09:27:27+02:00	G02	1	verify_succeeded	all verification checks passed
2026-04-28T09:27:27+02:00	G02	1	commit_succeeded	403409f3
2026-04-28T09:27:27+02:00	G02	1	attempt_succeeded	verified and committed
2026-04-28T09:27:27+02:00	G03	1	attempt_started	ProviderCallCell: move provider execution into cell
2026-04-28T09:27:27+02:00	G03	1	spawn_started	codex exec started
2026-04-28T09:32:55+02:00	G03	1	spawn_succeeded	codex exec completed in 5m 28s
2026-04-28T09:32:55+02:00	G03	1	structural_check	grep -q 'ProviderCallCell\|provider_call_cell' crates/roko-agent/src/model_call_service.rs
2026-04-28T09:32:55+02:00	G03	1	verify_running	cargo check -p roko-agent
2026-04-28T09:33:38+02:00	G03	1	antipattern_check	! grep -rn 'Command::new.*claude' crates/roko-agent/src/model_call_service.rs
2026-04-28T09:33:38+02:00	G03	1	antipattern_check	! grep -rn 'format!.*You are' crates/roko-agent/src/model_call_service.rs
2026-04-28T09:33:38+02:00	G03	1	verify_succeeded	all verification checks passed
2026-04-28T09:33:38+02:00	G03	1	commit_succeeded	28c3ef5f
2026-04-28T09:33:38+02:00	G03	1	attempt_succeeded	verified and committed
2026-04-28T09:33:38+02:00	G04	1	attempt_started	HTTP gateway adapter: wire routes to ModelCallService
2026-04-28T09:33:38+02:00	G04	1	spawn_started	codex exec started
2026-04-28T09:48:06+02:00	G04	1	spawn_succeeded	codex exec completed in 14m 28s
2026-04-28T09:48:06+02:00	G04	1	verify_running	cargo check -p roko-serve
2026-04-28T09:50:27+02:00	G04	1	verify_succeeded	all verification checks passed
2026-04-28T09:50:27+02:00	G04	1	commit_succeeded	9de4c1a6
2026-04-28T09:50:27+02:00	G04	1	attempt_succeeded	verified and committed
2026-04-28T09:50:27+02:00	G06	1	attempt_started	Domain caller migration (research, dreams, neuro)
2026-04-28T09:50:27+02:00	G06	1	spawn_started	codex exec started
2026-04-28T09:55:55+02:00	G06	1	spawn_succeeded	codex exec completed in 5m 28s
2026-04-28T09:55:55+02:00	G06	1	verify_running	cargo check -p roko-dreams
2026-04-28T09:56:56+02:00	G06	1	verify_running	cargo check -p roko-neuro
2026-04-28T09:56:57+02:00	G06	1	verify_running	cargo check -p roko-std
2026-04-28T09:57:07+02:00	G06	1	antipattern_check	! grep -rn 'Command::new.*claude' crates/roko-dreams/src/runner.rs
2026-04-28T09:57:07+02:00	G06	1	antipattern_check	! grep -rn 'Command::new.*claude' crates/roko-neuro/src/episode_completion.rs
2026-04-28T09:57:07+02:00	G06	1	verify_succeeded	all verification checks passed
2026-04-28T09:57:07+02:00	G06	1	commit_succeeded	b7709f21
2026-04-28T09:57:07+02:00	G06	1	attempt_succeeded	verified and committed
2026-04-28T09:57:07+02:00	G07	1	attempt_started	Cache cell + budget cell in ModelCallService
2026-04-28T09:57:07+02:00	G07	1	spawn_started	codex exec started
2026-04-28T10:03:19+02:00	G07	1	spawn_succeeded	codex exec completed in 6m 12s
2026-04-28T10:03:19+02:00	G07	1	structural_check	grep -q 'CacheCell\|BudgetCell\|cache\|budget' crates/roko-agent/src/model_call_service.rs
2026-04-28T10:03:19+02:00	G07	1	verify_running	cargo check -p roko-agent
2026-04-28T10:04:06+02:00	G07	1	antipattern_check	! grep -rn 'Command::new.*claude' crates/roko-agent/src/model_call_service.rs
2026-04-28T10:04:06+02:00	G07	1	antipattern_check	! grep -rn 'format!.*You are' crates/roko-agent/src/model_call_service.rs
2026-04-28T10:04:06+02:00	G07	1	verify_succeeded	all verification checks passed
2026-04-28T10:04:06+02:00	G07	1	commit_succeeded	7416969a
2026-04-28T10:04:06+02:00	G07	1	attempt_succeeded	verified and committed
2026-04-28T10:04:06+02:00	G08	1	attempt_started	Thinking cap + convergence detection cells
2026-04-28T10:04:06+02:00	G08	1	spawn_started	codex exec started
2026-04-28T10:09:15+02:00	G08	1	spawn_succeeded	codex exec completed in 5m 9s
2026-04-28T10:09:15+02:00	G08	1	structural_check	grep -q 'ThinkingCap\|ConvergenceDetect\|convergence' crates/roko-agent/src/model_call_service.rs
2026-04-28T10:09:15+02:00	G08	1	verify_running	cargo check -p roko-agent
2026-04-28T10:10:00+02:00	G08	1	antipattern_check	! grep -rn 'Command::new.*claude' crates/roko-agent/src/model_call_service.rs
2026-04-28T10:10:00+02:00	G08	1	antipattern_check	! grep -rn 'format!.*You are' crates/roko-agent/src/model_call_service.rs
2026-04-28T10:10:00+02:00	G08	1	verify_succeeded	all verification checks passed
2026-04-28T10:10:00+02:00	G08	1	commit_succeeded	9a4a01d4
2026-04-28T10:10:00+02:00	G08	1	attempt_succeeded	verified and committed
2026-04-28T10:10:00+02:00	G09	1	attempt_started	Wire force_backend to CascadeRouter learning
2026-04-28T10:10:00+02:00	G09	1	spawn_started	codex exec started
2026-04-28T10:20:05+02:00	G09	1	spawn_succeeded	codex exec completed in 10m 5s
2026-04-28T10:20:05+02:00	G09	1	structural_check	grep -q 'force_backend\|forced_observation\|record_forced' crates/roko-agent/src/model_call_service.rs
2026-04-28T10:20:05+02:00	G09	1	verify_running	cargo check -p roko-agent
2026-04-28T10:20:55+02:00	G09	1	verify_succeeded	all verification checks passed
2026-04-28T10:20:55+02:00	G09	1	commit_succeeded	6b83edb0
2026-04-28T10:20:55+02:00	G09	1	attempt_succeeded	verified and committed
2026-04-28T10:20:55+02:00	K01	1	attempt_started	Add knowledge-aware routing method to CascadeRouter
2026-04-28T10:20:55+02:00	K01	1	spawn_started	codex exec started
2026-04-28T10:24:42+02:00	K01	1	spawn_succeeded	codex exec completed in 3m 46s
2026-04-28T10:24:42+02:00	K01	1	structural_check	grep -q 'route_with_knowledge' crates/roko-learn/src/cascade_router.rs
2026-04-28T10:24:42+02:00	K01	1	verify_running	cargo check -p roko-learn
2026-04-28T10:25:38+02:00	K01	1	verify_succeeded	all verification checks passed
2026-04-28T10:25:39+02:00	K01	1	commit_succeeded	6c75e2fc
2026-04-28T10:25:39+02:00	K01	1	attempt_succeeded	verified and committed
2026-04-28T10:25:39+02:00	K02	1	attempt_started	Wire knowledge query into ModelCallService routing
2026-04-28T10:25:39+02:00	K02	1	spawn_started	codex exec started
2026-04-28T10:29:12+02:00	K02	1	spawn_succeeded	codex exec completed in 3m 33s
2026-04-28T10:29:12+02:00	K02	1	structural_check	grep -q 'knowledge_store\|KnowledgeStore' crates/roko-agent/src/model_call_service.rs
2026-04-28T10:29:12+02:00	K02	1	verify_running	cargo check -p roko-agent
2026-04-28T10:30:11+02:00	K02	1	verify_succeeded	all verification checks passed
2026-04-28T10:30:11+02:00	K02	1	commit_succeeded	a9513721
2026-04-28T10:30:11+02:00	K02	1	attempt_succeeded	verified and committed
2026-04-28T10:30:11+02:00	K03	1	attempt_started	Inject knowledge into prompt assembly
2026-04-28T10:30:11+02:00	K03	1	spawn_started	codex exec started
2026-04-28T10:33:46+02:00	K03	1	spawn_succeeded	codex exec completed in 3m 35s
2026-04-28T10:33:47+02:00	K03	1	structural_check	grep -q 'knowledge\|KnowledgeStore' crates/roko-compose/src/prompt_assembly_service.rs
2026-04-28T10:33:47+02:00	K03	1	verify_running	cargo check -p roko-compose
2026-04-28T10:35:07+02:00	K03	1	verify_succeeded	all verification checks passed
2026-04-28T10:35:08+02:00	K03	1	commit_succeeded	3ef4428b
2026-04-28T10:35:08+02:00	K03	1	attempt_succeeded	verified and committed
2026-04-28T10:35:08+02:00	K04	1	attempt_started	Record knowledge usage in episode metadata
2026-04-28T10:35:08+02:00	K04	1	spawn_started	codex exec started
2026-04-28T10:39:38+02:00	K04	1	spawn_failed	codex exec exited with 101
2026-04-28T10:39:39+02:00	K04	1	attempt_failed	codex exited unsuccessfully
2026-04-28T10:39:39+02:00	K04	1	attempt_backed_up	saved failed spawn state for retry
2026-04-28T10:39:39+02:00	K04	2	attempt_preserved_retry	reusing dirty worktree state from failed prior attempt
2026-04-28T10:39:39+02:00	K04	2	spawn_started	codex exec started
2026-04-28T10:41:07+02:00	K04	2	spawn_succeeded	codex exec completed in 1m 28s
2026-04-28T10:41:07+02:00	K04	2	verify_running	cargo check -p roko-learn
2026-04-28T10:41:57+02:00	K04	2	verify_failed	cargo check -p roko-learn
2026-04-28T10:41:57+02:00	K04	2	attempt_failed	verification failed
2026-04-28T10:52:35+02:00	W01	1	attempt_backed_up	saved dirty worktree before reset
2026-04-28T10:52:35+02:00	W01	1	attempt_started	Add --engine v2/legacy flag to roko run CLI
2026-04-28T10:52:35+02:00	W01	1	spawn_started	codex exec started
2026-04-28T11:01:32+02:00	W01	1	spawn_succeeded	codex exec completed in 8m 57s
2026-04-28T11:01:32+02:00	W01	1	structural_check	grep -q 'engine\|Engine\|--engine\|legacy' crates/roko-cli/src/run.rs
2026-04-28T11:01:32+02:00	W01	1	verify_running	cargo check -p roko-cli
2026-04-28T11:40:14+02:00	W01	1	attempt_started	Add --engine v2/legacy flag to roko run CLI
2026-04-28T11:40:14+02:00	W01	1	spawn_started	codex exec started
2026-04-28T11:54:07+02:00	W01	1	spawn_succeeded	codex exec completed in 13m 53s
2026-04-28T11:54:07+02:00	W01	1	structural_check	grep -q 'engine\|Engine\|--engine\|legacy' crates/roko-cli/src/run.rs
2026-04-28T11:54:07+02:00	W01	1	verify_running	cargo check -p roko-cli
2026-04-28T11:54:14+02:00	W01	1	antipattern_check	! grep -rn 'Command::new.*claude' crates/roko-cli/src/run.rs
2026-04-28T11:54:14+02:00	W01	1	verify_succeeded	all verification checks passed
2026-04-28T11:54:16+02:00	W01	1	commit_succeeded	36a4a744
2026-04-28T11:54:16+02:00	W01	1	attempt_succeeded	verified and committed
2026-04-28T11:54:16+02:00	W02	1	attempt_started	Wire WorkflowEngine as default for roko run
2026-04-28T11:54:20+02:00	W02	1	spawn_started	codex exec started
2026-04-28T12:07:20+02:00	W02	1	spawn_succeeded	codex exec completed in 13m 0s
2026-04-28T12:07:21+02:00	W02	1	structural_check	grep -q 'run_with_workflow_engine\|WorkflowEngine' crates/roko-cli/src/run.rs
2026-04-28T12:07:21+02:00	W02	1	verify_running	cargo check -p roko-cli
2026-04-28T12:07:28+02:00	W02	1	antipattern_check	! grep -rn 'Command::new.*claude' crates/roko-cli/src/run.rs
2026-04-28T12:07:28+02:00	W02	1	verify_succeeded	all verification checks passed
2026-04-28T12:07:28+02:00	W02	1	commit_succeeded	39aac0f3
2026-04-28T12:07:28+02:00	W02	1	attempt_succeeded	verified and committed
2026-04-28T12:07:28+02:00	W03	1	attempt_started	Wire WorkflowEngine adapter construction in run.rs
2026-04-28T12:07:34+02:00	W03	1	spawn_started	codex exec started
2026-04-28T12:22:51+02:00	W03	1	spawn_succeeded	codex exec completed in 15m 17s
2026-04-28T12:22:51+02:00	W03	1	verify_running	cargo check -p roko-cli
2026-04-28T12:22:57+02:00	W03	1	antipattern_check	! grep -rn 'Command::new.*claude' crates/roko-cli/src/run.rs
2026-04-28T12:22:57+02:00	W03	1	verify_succeeded	all verification checks passed
2026-04-28T12:22:58+02:00	W03	1	commit_succeeded	8eb717b3
2026-04-28T12:22:58+02:00	W03	1	attempt_succeeded	verified and committed
2026-04-28T12:22:58+02:00	W04	1	attempt_started	Wire WorkflowEngine to roko plan run entry point
2026-04-28T12:23:01+02:00	W04	1	spawn_started	codex exec started
2026-04-28T12:36:34+02:00	W04	1	spawn_succeeded	codex exec completed in 13m 33s
2026-04-28T12:36:34+02:00	W04	1	verify_running	cargo check -p roko-cli
2026-04-28T12:36:42+02:00	W04	1	antipattern_check	! grep -rn 'Command::new.*claude' crates/roko-cli/src/run.rs
2026-04-28T12:36:42+02:00	W04	1	verify_succeeded	all verification checks passed
2026-04-28T12:36:42+02:00	W04	1	commit_succeeded	9cb641a9
2026-04-28T12:36:42+02:00	W04	1	attempt_succeeded	verified and committed
2026-04-28T12:46:47+02:00	W06	1	attempt_started	Wire unified.rs oneshot to use ModelCallService
2026-04-28T12:46:51+02:00	W06	1	spawn_started	codex exec started
2026-04-28T13:00:56+02:00	W06	1	spawn_succeeded	codex exec completed in 14m 5s
2026-04-28T13:00:56+02:00	W06	1	verify_running	cargo check -p roko-cli
2026-04-28T13:01:03+02:00	W06	1	verify_succeeded	all verification checks passed
2026-04-28T13:01:03+02:00	W06	1	commit_succeeded	b67b0b85
2026-04-28T13:01:03+02:00	W06	1	attempt_succeeded	verified and committed
2026-04-28T13:01:03+02:00	O01	1	attempt_started	Wire JsonlLogger as WorkflowEngine EventConsumer
2026-04-28T13:01:07+02:00	O01	1	spawn_started	codex exec started
2026-04-28T13:06:18+02:00	O01	1	spawn_succeeded	codex exec completed in 5m 11s
2026-04-28T13:06:18+02:00	O01	1	verify_running	cargo check -p roko-cli
2026-04-28T13:06:31+02:00	O01	1	verify_succeeded	all verification checks passed
2026-04-28T13:06:31+02:00	O01	1	commit_succeeded	51a4f6fc
2026-04-28T13:06:31+02:00	O01	1	attempt_succeeded	verified and committed
2026-04-28T13:06:31+02:00	O03	1	attempt_started	Bridge WorkflowEngine events to StateHub (TUI)
2026-04-28T13:06:33+02:00	O03	1	spawn_started	codex exec started
2026-04-28T13:11:24+02:00	O03	1	spawn_succeeded	codex exec completed in 4m 51s
2026-04-28T13:11:24+02:00	O03	1	verify_running	cargo check -p roko-cli
2026-04-28T13:11:28+02:00	O03	1	verify_succeeded	all verification checks passed
2026-04-28T13:11:28+02:00	O03	1	commit_succeeded	067c09e3
2026-04-28T13:11:28+02:00	O03	1	attempt_succeeded	verified and committed
2026-04-28T13:11:28+02:00	O04	1	attempt_started	Create CLI progress printer (Clack-style output)
2026-04-28T13:11:29+02:00	O04	1	spawn_started	codex exec started
2026-04-28T13:15:38+02:00	O04	1	spawn_succeeded	codex exec completed in 4m 9s
2026-04-28T13:15:38+02:00	O04	1	structural_check	grep -q 'pub struct\|pub fn' crates/roko-cli/src/output_format.rs
2026-04-28T13:15:38+02:00	O04	1	verify_running	cargo check -p roko-cli
2026-04-28T13:15:42+02:00	O04	1	verify_succeeded	all verification checks passed
2026-04-28T13:15:42+02:00	O04	1	commit_succeeded	84921f2e
2026-04-28T13:15:42+02:00	O04	1	attempt_succeeded	verified and committed
2026-04-28T13:15:42+02:00	O05	1	attempt_started	Wire CLI progress printer into cmd_run engine path
2026-04-28T13:15:43+02:00	O05	1	spawn_started	codex exec started
2026-04-28T13:19:20+02:00	O05	1	spawn_succeeded	codex exec completed in 3m 37s
2026-04-28T13:19:20+02:00	O05	1	verify_running	cargo check -p roko-cli
2026-04-28T13:19:24+02:00	O05	1	verify_succeeded	all verification checks passed
2026-04-28T13:19:24+02:00	O05	1	commit_succeeded	eda52cc1
2026-04-28T13:19:24+02:00	O05	1	attempt_succeeded	verified and committed
2026-04-28T13:19:24+02:00	O06	1	attempt_started	Wire efficiency event summary to CLI post-run output
2026-04-28T13:19:25+02:00	O06	1	spawn_started	codex exec started
2026-04-28T13:23:34+02:00	O06	1	spawn_succeeded	codex exec completed in 4m 9s
2026-04-28T13:23:34+02:00	O06	1	verify_running	cargo check -p roko-cli
2026-04-28T13:23:38+02:00	O06	1	verify_succeeded	all verification checks passed
2026-04-28T13:23:38+02:00	O06	1	commit_succeeded	fd54e7c6
2026-04-28T13:23:38+02:00	O06	1	attempt_succeeded	verified and committed
2026-04-28T13:23:38+02:00	R01	1	attempt_started	Add legacy-orchestrate feature to roko-cli Cargo.toml
2026-04-28T13:23:39+02:00	R01	1	spawn_started	codex exec started
2026-04-28T13:27:25+02:00	R01	1	spawn_succeeded	codex exec completed in 3m 46s
2026-04-28T13:27:25+02:00	R01	1	structural_check	grep -q 'legacy-orchestrate' crates/roko-cli/Cargo.toml
2026-04-28T13:27:25+02:00	R01	1	verify_running	cargo check -p roko-cli
2026-04-28T13:27:30+02:00	R01	1	verify_succeeded	all verification checks passed
2026-04-28T13:27:30+02:00	R01	1	commit_succeeded	f80d2984
2026-04-28T13:27:30+02:00	R01	1	attempt_succeeded	verified and committed
2026-04-28T13:27:30+02:00	R02	1	attempt_started	Feature-gate orchestrate.rs behind legacy-orchestrate
2026-04-28T13:27:31+02:00	R02	1	spawn_started	codex exec started
2026-04-28T13:30:19+02:00	R02	1	spawn_succeeded	codex exec completed in 2m 48s
2026-04-28T13:30:19+02:00	R02	1	structural_check	grep -q 'cfg.*feature.*legacy.orchestrate' crates/roko-cli/src/orchestrate.rs
2026-04-28T13:30:19+02:00	R02	1	structural_failed	grep -q 'cfg.*feature.*legacy.orchestrate' crates/roko-cli/src/orchestrate.rs
2026-04-28T13:30:19+02:00	R02	1	attempt_failed	verification failed
2026-04-28T13:30:19+02:00	R02	1	attempt_backed_up	saved failed verify state for retry
2026-04-28T13:30:19+02:00	R02	2	attempt_preserved_retry	reusing dirty worktree state from failed prior attempt
2026-04-28T13:30:20+02:00	R02	2	spawn_started	codex exec started
2026-04-28T13:33:56+02:00	R02	2	spawn_succeeded	codex exec completed in 3m 36s
2026-04-28T13:33:56+02:00	R02	2	structural_check	grep -q 'cfg.*feature.*legacy.orchestrate' crates/roko-cli/src/orchestrate.rs
2026-04-28T13:33:56+02:00	R02	2	verify_running	cargo check -p roko-cli
2026-04-28T13:34:06+02:00	R02	2	verify_failed	cargo check -p roko-cli
2026-04-28T13:34:06+02:00	R02	2	attempt_failed	verification failed
2026-04-28T13:34:06+02:00	C01	1	attempt_backed_up	saved dirty worktree before reset
2026-04-28T13:34:06+02:00	C01	1	attempt_started	Create output_format.rs: Clack-style symbols + ANSI colors
2026-04-28T13:34:07+02:00	C01	1	spawn_started	codex exec started
2026-04-28T13:37:11+02:00	C01	1	spawn_succeeded	codex exec completed in 3m 4s
2026-04-28T13:37:11+02:00	C01	1	structural_check	grep -q 'pub struct\|pub fn' crates/roko-cli/src/output_format.rs
2026-04-28T13:37:11+02:00	C01	1	verify_running	cargo check -p roko-cli
2026-04-28T13:37:15+02:00	C01	1	verify_succeeded	all verification checks passed
2026-04-28T13:37:15+02:00	C01	1	commit_noop	no staged changes after verify
2026-04-28T13:37:15+02:00	C01	1	attempt_succeeded	verified with no new changes
2026-04-28T13:37:15+02:00	C02	1	attempt_started	Identity line: agent name + model + routing decision
2026-04-28T13:37:16+02:00	C02	1	spawn_started	codex exec started
2026-04-28T13:44:01+02:00	C02	1	spawn_succeeded	codex exec completed in 6m 45s
2026-04-28T13:44:01+02:00	C02	1	verify_running	cargo check -p roko-cli
2026-04-28T13:44:06+02:00	C02	1	verify_succeeded	all verification checks passed
2026-04-28T13:44:06+02:00	C02	1	commit_succeeded	e7719814
2026-04-28T13:44:06+02:00	C02	1	attempt_succeeded	verified and committed
2026-04-28T13:44:06+02:00	C03	1	attempt_started	Cost prediction line: estimated tokens + cost
2026-04-28T13:44:09+02:00	C03	1	spawn_started	codex exec started
2026-04-28T13:50:55+02:00	C03	1	spawn_succeeded	codex exec completed in 6m 46s
2026-04-28T13:50:55+02:00	C03	1	verify_running	cargo check -p roko-cli
2026-04-28T13:51:00+02:00	C03	1	verify_succeeded	all verification checks passed
2026-04-28T13:51:00+02:00	C03	1	commit_succeeded	538fd434
2026-04-28T13:51:00+02:00	C03	1	attempt_succeeded	verified and committed
2026-04-28T13:51:00+02:00	C04	1	attempt_started	Knowledge loading line: facts loaded + confidence
2026-04-28T13:51:03+02:00	C04	1	spawn_started	codex exec started
2026-04-28T13:58:52+02:00	C04	1	spawn_succeeded	codex exec completed in 7m 49s
2026-04-28T13:58:52+02:00	C04	1	verify_running	cargo check -p roko-cli
2026-04-28T13:58:59+02:00	C04	1	verify_succeeded	all verification checks passed
2026-04-28T13:58:59+02:00	C04	1	commit_succeeded	288ed452
2026-04-28T13:58:59+02:00	C04	1	attempt_succeeded	verified and committed
2026-04-28T13:58:59+02:00	C05	1	attempt_started	Cost actual + delta: real vs predicted after execution
2026-04-28T13:59:02+02:00	C05	1	spawn_started	codex exec started
2026-04-28T14:06:35+02:00	C05	1	spawn_succeeded	codex exec completed in 7m 33s
2026-04-28T14:06:35+02:00	C05	1	verify_running	cargo check -p roko-cli
2026-04-28T14:06:40+02:00	C05	1	verify_succeeded	all verification checks passed
2026-04-28T14:06:40+02:00	C05	1	commit_succeeded	d6833e6c
2026-04-28T14:06:40+02:00	C05	1	attempt_succeeded	verified and committed
2026-04-28T14:06:40+02:00	C06	1	attempt_started	Gate results: formatted pass/fail with timing
2026-04-28T14:06:43+02:00	C06	1	spawn_started	codex exec started
2026-04-28T14:14:39+02:00	C06	1	spawn_succeeded	codex exec completed in 7m 56s
2026-04-28T14:14:39+02:00	C06	1	verify_running	cargo check -p roko-cli
2026-04-28T14:14:44+02:00	C06	1	verify_succeeded	all verification checks passed
2026-04-28T14:14:44+02:00	C06	1	commit_succeeded	41ac3675
2026-04-28T14:14:44+02:00	C06	1	attempt_succeeded	verified and committed
2026-04-28T14:14:44+02:00	C07	1	attempt_started	--share flag: generate share token + store run data
2026-04-28T14:14:46+02:00	C07	1	spawn_started	codex exec started
2026-04-28T14:23:40+02:00	C07	1	spawn_succeeded	codex exec completed in 8m 54s
2026-04-28T14:23:40+02:00	C07	1	structural_check	grep -q 'share\|Share' crates/roko-cli/src/run.rs
2026-04-28T14:23:40+02:00	C07	1	verify_running	cargo check -p roko-cli
2026-04-28T14:23:45+02:00	C07	1	verify_succeeded	all verification checks passed
2026-04-28T14:23:45+02:00	C07	1	commit_succeeded	304dc19e
2026-04-28T14:23:45+02:00	C07	1	attempt_succeeded	verified and committed
2026-04-28T14:23:46+02:00	C08	1	attempt_started	Share endpoint: GET /api/shared/:token in roko-serve
2026-04-28T14:23:49+02:00	C08	1	spawn_started	codex exec started
2026-04-28T14:26:23+02:00	C08	1	spawn_succeeded	codex exec completed in 2m 34s
2026-04-28T14:26:23+02:00	C08	1	structural_check	grep -q 'shared\|share' crates/roko-serve/src/routes/shared_runs.rs
2026-04-28T14:26:23+02:00	C08	1	verify_running	cargo check -p roko-serve
2026-04-28T14:26:24+02:00	C08	1	verify_succeeded	all verification checks passed
2026-04-28T14:26:24+02:00	C08	1	commit_succeeded	319f9e1b
2026-04-28T14:26:24+02:00	C08	1	attempt_succeeded	verified and committed
2026-04-28T14:26:24+02:00	C09	1	attempt_started	Agent list: formatted output for roko agent list
2026-04-28T14:26:25+02:00	C09	1	spawn_started	codex exec started
2026-04-28T14:34:48+02:00	C09	1	spawn_succeeded	codex exec completed in 8m 23s
2026-04-28T14:34:48+02:00	C09	1	verify_running	cargo check -p roko-cli
2026-04-28T14:34:54+02:00	C09	1	verify_succeeded	all verification checks passed
2026-04-28T14:34:54+02:00	C09	1	commit_succeeded	3e2ea49a
2026-04-28T14:34:54+02:00	C09	1	attempt_succeeded	verified and committed
2026-04-28T14:34:54+02:00	C10	1	attempt_started	Replay: formatted output for roko replay
2026-04-28T14:34:57+02:00	C10	1	spawn_started	codex exec started
2026-04-28T14:43:29+02:00	C10	1	spawn_succeeded	codex exec completed in 8m 32s
2026-04-28T14:43:29+02:00	C10	1	verify_running	cargo check -p roko-cli
2026-04-28T14:43:35+02:00	C10	1	verify_succeeded	all verification checks passed
2026-04-28T14:43:35+02:00	C10	1	commit_succeeded	c604ee66
2026-04-28T14:43:35+02:00	C10	1	attempt_succeeded	verified and committed
2026-04-28T14:43:35+02:00	C12	1	attempt_started	Dashboard SPA: add share page at /share/:token
2026-04-28T14:43:38+02:00	C12	1	spawn_started	codex exec started
2026-04-28T14:44:45+02:00	C12	1	spawn_succeeded	codex exec completed in 1m 7s
2026-04-28T14:44:45+02:00	C12	1	verify_running	echo 'SPA check skipped — no cargo gate for JS/TS'
2026-04-28T14:44:45+02:00	C12	1	verify_succeeded	all verification checks passed
2026-04-28T14:44:45+02:00	C12	1	commit_succeeded	92a63ce7
2026-04-28T14:44:45+02:00	C12	1	attempt_succeeded	verified and committed
2026-04-28T14:44:45+02:00	T04	1	attempt_started	Integration test: CLI --engine v2 flag parses
2026-04-28T14:44:45+02:00	T04	1	spawn_started	codex exec started
2026-04-28T14:54:11+02:00	T04	1	spawn_succeeded	codex exec completed in 9m 26s
2026-04-28T14:54:11+02:00	T04	1	verify_running	cargo check -p roko-cli
2026-04-28T14:55:06+02:00	T04	1	verify_succeeded	all verification checks passed
2026-04-28T14:55:06+02:00	T04	1	commit_succeeded	e0abef45
2026-04-28T14:55:06+02:00	T04	1	attempt_succeeded	verified and committed
2026-04-28T14:55:06+02:00	T05	1	attempt_started	Integration test: share URL generation + retrieval
2026-04-28T14:55:10+02:00	T05	1	spawn_started	codex exec started
2026-04-28T15:02:53+02:00	T05	1	spawn_succeeded	codex exec completed in 7m 43s
2026-04-28T15:02:53+02:00	T05	1	verify_running	cargo check -p roko-serve
2026-04-28T15:03:43+02:00	T05	1	verify_succeeded	all verification checks passed
2026-04-28T15:03:43+02:00	T05	1	commit_succeeded	d3243199
2026-04-28T15:03:43+02:00	T05	1	attempt_succeeded	verified and committed
2026-04-28T15:03:43+02:00	D04	1	attempt_started	Wire DaimonPolicy into CLI run path
2026-04-28T15:03:46+02:00	D04	1	spawn_started	codex exec started
2026-04-28T15:08:00+02:00	D04	1	spawn_succeeded	codex exec completed in 4m 14s
2026-04-28T15:08:00+02:00	D04	1	structural_check	grep -q 'DaimonPolicy\|daimon' crates/roko-cli/src/run.rs
2026-04-28T15:08:00+02:00	D04	1	verify_running	cargo check -p roko-cli
2026-04-28T15:08:06+02:00	D04	1	antipattern_check	! grep -rn 'Command::new.*claude' crates/roko-runtime/src/effect_driver.rs
2026-04-28T15:08:06+02:00	D04	1	verify_succeeded	all verification checks passed
2026-04-28T15:08:06+02:00	D04	1	commit_succeeded	3b2986f4
2026-04-28T15:08:06+02:00	D04	1	attempt_succeeded	verified and committed
2026-04-28T15:08:06+02:00	G05	1	attempt_started	CLI runner adapter: ensure EffectDriver uses ModelCallService
2026-04-28T15:08:07+02:00	G05	1	spawn_started	codex exec started
2026-04-28T15:12:13+02:00	G05	1	spawn_succeeded	codex exec completed in 4m 6s
2026-04-28T15:12:13+02:00	G05	1	verify_running	cargo check -p roko-cli
2026-04-28T15:12:18+02:00	G05	1	verify_succeeded	all verification checks passed
2026-04-28T15:12:18+02:00	G05	1	commit_succeeded	ed4fb2ec
2026-04-28T15:12:18+02:00	G05	1	attempt_succeeded	verified and committed
2026-04-28T15:12:18+02:00	K04	1	attempt_started	Record knowledge usage in episode metadata
2026-04-28T15:12:19+02:00	K04	1	spawn_started	codex exec started
2026-04-28T15:14:48+02:00	K04	1	spawn_succeeded	codex exec completed in 2m 29s
2026-04-28T15:14:48+02:00	K04	1	verify_running	cargo check -p roko-learn
2026-04-28T15:14:49+02:00	K04	1	verify_succeeded	all verification checks passed
2026-04-28T15:14:49+02:00	K04	1	commit_succeeded	c8ce00f3
2026-04-28T15:14:49+02:00	K04	1	attempt_succeeded	verified and committed
2026-04-28T15:14:49+02:00	K05	1	attempt_started	Knowledge confidence update loop
2026-04-28T15:14:50+02:00	K05	1	spawn_started	codex exec started
2026-04-28T15:19:16+02:00	K05	1	spawn_succeeded	codex exec completed in 4m 26s
2026-04-28T15:19:16+02:00	K05	1	structural_check	grep -q 'update_confidence\|record_usage' crates/roko-neuro/src/lib.rs
2026-04-28T15:19:16+02:00	K05	1	verify_running	cargo check -p roko-neuro
2026-04-28T15:19:17+02:00	K05	1	verify_succeeded	all verification checks passed
2026-04-28T15:19:17+02:00	K05	1	commit_succeeded	f19bedeb
2026-04-28T15:19:17+02:00	K05	1	attempt_succeeded	verified and committed
2026-04-28T15:19:17+02:00	X01	1	attempt_started	Fix contract fail-open to fail-closed
2026-04-28T15:19:18+02:00	X01	1	spawn_started	codex exec started
2026-04-28T15:20:46+02:00	X01	1	spawn_succeeded	codex exec completed in 1m 28s
2026-04-28T15:20:46+02:00	X01	1	structural_check	! grep -q 'AgentContract::permissive' crates/roko-agent/src/safety/mod.rs
2026-04-28T15:20:47+02:00	X01	1	structural_check	grep -q 'RestrictedFallback\|restricted' crates/roko-agent/src/safety/mod.rs
2026-04-28T15:20:47+02:00	X01	1	verify_running	cargo check -p roko-agent
2026-04-28T15:20:47+02:00	X01	1	antipattern_check	! grep -n 'permissive' crates/roko-agent/src/safety/mod.rs
2026-04-28T15:20:47+02:00	X01	1	verify_succeeded	all verification checks passed
2026-04-28T15:20:47+02:00	X01	1	commit_succeeded	f0368123
2026-04-28T15:20:47+02:00	X01	1	attempt_succeeded	verified and committed
2026-04-28T15:20:47+02:00	X02	1	attempt_started	Consolidate stream JSON parsers
2026-04-28T15:20:47+02:00	X02	1	spawn_started	codex exec started
2026-04-28T15:22:35+02:00	X02	1	spawn_succeeded	codex exec completed in 1m 48s
2026-04-28T15:22:35+02:00	X02	1	structural_check	grep -q 'StreamJsonParser\|pub trait.*StreamJson' crates/roko-agent/src/streaming.rs
2026-04-28T15:22:35+02:00	X02	1	verify_running	cargo check -p roko-agent
2026-04-28T15:22:35+02:00	X02	1	verify_succeeded	all verification checks passed
2026-04-28T15:22:35+02:00	X02	1	commit_succeeded	a1ff47e1
2026-04-28T15:22:35+02:00	X02	1	attempt_succeeded	verified and committed
2026-04-28T15:22:35+02:00	L01	1	attempt_started	Add layer metadata to all Cargo.toml files
2026-04-28T15:22:35+02:00	L01	1	spawn_started	codex exec started
2026-04-28T15:25:51+02:00	L01	1	spawn_succeeded	codex exec completed in 3m 16s
2026-04-28T15:25:51+02:00	L01	1	structural_check	grep -q 'package.metadata.roko' crates/roko-core/Cargo.toml
2026-04-28T15:25:51+02:00	L01	1	structural_check	grep -q 'package.metadata.roko' crates/roko-agent/Cargo.toml
2026-04-28T15:25:51+02:00	L01	1	structural_check	grep -q 'package.metadata.roko' crates/roko-cli/Cargo.toml
2026-04-28T15:25:51+02:00	L01	1	verify_running	cargo check --workspace
2026-04-28T15:25:55+02:00	L01	1	verify_succeeded	all verification checks passed
2026-04-28T15:25:56+02:00	L01	1	commit_succeeded	12b4c281
2026-04-28T15:25:56+02:00	L01	1	attempt_succeeded	verified and committed
2026-04-28T15:25:56+02:00	L02	1	attempt_started	Create layer-check binary
2026-04-28T15:25:56+02:00	L02	1	spawn_started	codex exec started
2026-04-28T15:32:42+02:00	L02	1	spawn_succeeded	codex exec completed in 6m 46s
2026-04-28T15:32:42+02:00	L02	1	structural_check	grep -q 'layer.check\|layer_check' crates/roko-cli/src/layer_check.rs
2026-04-28T15:32:42+02:00	L02	1	verify_running	cargo check -p roko-cli
2026-04-28T15:32:48+02:00	L02	1	verify_succeeded	all verification checks passed
2026-04-28T15:32:48+02:00	L02	1	commit_succeeded	f3fa0cf0
2026-04-28T15:32:48+02:00	L02	1	attempt_succeeded	verified and committed
2026-04-28T15:32:48+02:00	L03	1	attempt_started	Configure cargo-deny
2026-04-28T15:32:49+02:00	L03	1	spawn_started	codex exec started
2026-04-28T15:34:57+02:00	L03	1	spawn_succeeded	codex exec completed in 2m 8s
2026-04-28T15:34:57+02:00	L03	1	structural_check	grep -q 'advisories\|licenses' deny.toml
2026-04-28T15:34:57+02:00	L03	1	verify_running	test -f deny.toml
2026-04-28T15:34:57+02:00	L03	1	verify_succeeded	all verification checks passed
2026-04-28T15:34:57+02:00	L03	1	commit_succeeded	2f81673c
2026-04-28T15:34:57+02:00	L03	1	attempt_succeeded	verified and committed
2026-04-28T15:34:57+02:00	L04	1	attempt_started	Add layer-check to CI workflow
2026-04-28T15:34:57+02:00	L04	1	spawn_started	codex exec started
2026-04-28T15:35:18+02:00	L04	1	spawn_succeeded	codex exec completed in 21s
2026-04-28T15:35:19+02:00	L04	1	verify_running	test -f .github/workflows/ci.yml
2026-04-28T15:35:19+02:00	L04	1	verify_succeeded	all verification checks passed
2026-04-28T15:35:19+02:00	L04	1	commit_succeeded	70789c81
2026-04-28T15:35:19+02:00	L04	1	attempt_succeeded	verified and committed
