2026-04-29T06:32:47+02:00	gate:3Z	0	gate_failed	check+clippy
2026-04-29T06:32:55+02:00	gate:5Z	0	gate_failed	check+clippy
2026-04-29T06:33:05+02:00	gate:2E	0	gate_failed	check+clippy
2026-04-29T06:33:13+02:00	gate:2C	0	gate_failed	check+clippy
2026-04-29T06:33:21+02:00	gate:7Z	0	gate_failed	check+clippy
2026-04-29T06:33:31+02:00	gate:7F	0	gate_failed	check+clippy
2026-04-29T06:33:40+02:00	gate:4Z	0	gate_failed	check+clippy
2026-04-29T06:33:49+02:00	gate:6Z	0	gate_failed	check+clippy
2026-04-29T06:48:54+02:00	test	0	test_failed	
2026-04-29T07:13:21+02:00	gate:2A	0	gate_failed	check+clippy
2026-04-29T07:13:29+02:00	gate:7C	0	gate_failed	check+clippy
2026-04-29T07:14:19+02:00	test	0	test_failed	
2026-04-29T08:22:38+02:00	gate:2A	0	gate_failed	check+clippy
2026-04-29T08:22:52+02:00	gate:7C	0	gate_failed	check+clippy
2026-04-29T08:47:55+02:00	gate:2G	0	gate_failed	check+clippy
2026-04-29T08:47:58+02:00	gate:2B	0	gate_failed	check+clippy
2026-04-29T09:04:28+02:00	gate:3A	0	gate_failed	check+clippy
2026-04-29T09:04:42+02:00	gate:2D	0	gate_failed	check+clippy
2026-04-29T09:30:59+02:00	gate:4A	0	gate_failed	check+clippy
2026-04-29T10:06:52+02:00	gate:3B	0	gate_failed	check+clippy
2026-04-29T10:17:11+02:00	gate:4B	0	gate_failed	check+clippy
2026-04-29T12:16:54+02:00	gate:6B	0	gate_failed	check+clippy
2026-04-29T12:23:45+02:00	gate:2A	0	gate_failed	check+clippy
2026-04-29T12:25:45+02:00	test	0	test_failed	
2026-04-29T16:56:03+02:00	gate:6C	0	gate_failed	check+clippy
2026-04-29T17:15:40+02:00	gate:3E	0	gate_failed	check+clippy
2026-04-29T17:15:50+02:00	gate:3C	0	gate_failed	check+clippy
2026-04-29T18:03:22+02:00	gate:4C	0	gate_failed	check+clippy
2026-04-29T18:15:41+02:00	gate:4E	0	gate_failed	check+clippy
2026-04-29T18:15:54+02:00	gate:4D	0	gate_failed	check+clippy
2026-04-29T18:19:47+02:00	gate:7A	0	gate_failed	check+clippy
2026-04-29T18:27:39+02:00	gate:5A	0	gate_failed	check+clippy
2026-04-29T19:04:27+02:00	gate:7B	0	gate_failed	check+clippy
2026-04-29T20:52:09+02:00	test	0	test_failed	
2026-04-29T22:34:08+02:00	test	0	test_failed	
2026-04-29T23:40:45+02:00	test	0	test_failed	
