2026-04-28T01:25:09+02:00	P0A	1	attempt_started	RuntimeEvent types
2026-04-28T01:25:10+02:00	P0A	1	spawn_started	codex exec started
2026-04-28T01:28:06+02:00	P0A	1	spawn_succeeded	codex exec completed in 2m 56s
2026-04-28T01:28:06+02:00	P0A	1	structural_check	grep -q 'pub enum RuntimeEvent' crates/roko-core/src/runtime_event.rs
2026-04-28T01:28:06+02:00	P0A	1	structural_check	grep -q 'pub mod runtime_event' crates/roko-core/src/lib.rs
2026-04-28T01:28:06+02:00	P0A	1	verify_running	cargo check -p roko-core
2026-04-28T01:28:44+02:00	P0A	1	verify_succeeded	all verification checks passed
2026-04-28T01:28:44+02:00	P0A	1	commit_succeeded	d537e358
2026-04-28T01:28:44+02:00	P0A	1	attempt_succeeded	verified and committed
2026-04-28T01:28:44+02:00	P0B	1	attempt_started	Foundation traits (6 traits)
2026-04-28T01:28:44+02:00	P0B	1	spawn_started	codex exec started
2026-04-28T01:31:14+02:00	P0B	1	spawn_succeeded	codex exec completed in 2m 30s
2026-04-28T01:31:14+02:00	P0B	1	structural_check	grep -q 'pub trait ModelCaller' crates/roko-core/src/foundation.rs
2026-04-28T01:31:15+02:00	P0B	1	structural_check	grep -q 'pub trait PromptAssembler' crates/roko-core/src/foundation.rs
2026-04-28T01:31:15+02:00	P0B	1	structural_check	grep -q 'pub trait FeedbackSink' crates/roko-core/src/foundation.rs
2026-04-28T01:31:15+02:00	P0B	1	structural_check	grep -q 'pub trait GateRunner' crates/roko-core/src/foundation.rs
2026-04-28T01:31:15+02:00	P0B	1	structural_check	grep -q 'pub trait EventConsumer' crates/roko-core/src/foundation.rs
2026-04-28T01:31:15+02:00	P0B	1	structural_check	grep -q 'pub trait EffectExecutor' crates/roko-core/src/foundation.rs
2026-04-28T01:31:15+02:00	P0B	1	structural_check	grep -q 'pub mod foundation' crates/roko-core/src/lib.rs
2026-04-28T01:31:15+02:00	P0B	1	verify_running	cargo check -p roko-core
2026-04-28T01:31:53+02:00	P0B	1	verify_succeeded	all verification checks passed
2026-04-28T01:31:53+02:00	P0B	1	commit_succeeded	b813c675
2026-04-28T01:31:53+02:00	P0B	1	attempt_succeeded	verified and committed
2026-04-28T01:31:53+02:00	P0C	1	attempt_started	EventBus RuntimeEvent support
2026-04-28T01:31:53+02:00	P0C	1	spawn_started	codex exec started
2026-04-28T01:34:00+02:00	P0C	1	spawn_succeeded	codex exec completed in 2m 7s
2026-04-28T01:34:00+02:00	P0C	1	structural_check	grep -q 'RuntimeEvent' crates/roko-runtime/src/event_bus.rs
2026-04-28T01:34:00+02:00	P0C	1	verify_running	cargo check -p roko-runtime
2026-04-28T01:34:26+02:00	P0C	1	verify_succeeded	all verification checks passed
2026-04-28T01:34:26+02:00	P0C	1	commit_succeeded	095a28f9
2026-04-28T01:34:26+02:00	P0C	1	attempt_succeeded	verified and committed
2026-04-28T01:34:27+02:00	P1A	1	attempt_started	ModelCallService
2026-04-28T01:34:27+02:00	P1A	1	spawn_started	codex exec started
2026-04-28T01:40:26+02:00	P1A	1	spawn_succeeded	codex exec completed in 5m 59s
2026-04-28T01:40:26+02:00	P1A	1	structural_check	grep -q 'pub struct ModelCallService' crates/roko-agent/src/model_call_service.rs
2026-04-28T01:40:26+02:00	P1A	1	structural_check	grep -q 'pub mod model_call_service' crates/roko-agent/src/lib.rs
2026-04-28T01:40:26+02:00	P1A	1	verify_running	cargo check -p roko-agent
2026-04-28T01:41:35+02:00	P1A	1	antipattern_check	! grep -rn 'Command::new.*claude' crates/roko-agent/src/model_call_service.rs
2026-04-28T01:41:35+02:00	P1A	1	antipattern_check	! grep -rn 'format!.*You are' crates/roko-agent/src/model_call_service.rs
2026-04-28T01:41:35+02:00	P1A	1	verify_succeeded	all verification checks passed
2026-04-28T01:41:36+02:00	P1A	1	commit_succeeded	f12d6337
2026-04-28T01:41:36+02:00	P1A	1	attempt_succeeded	verified and committed
2026-04-28T01:41:36+02:00	P1B	1	attempt_started	PromptAssemblyService
2026-04-28T01:41:36+02:00	P1B	1	spawn_started	codex exec started
2026-04-28T01:44:50+02:00	P1B	1	spawn_succeeded	codex exec completed in 3m 14s
2026-04-28T01:44:50+02:00	P1B	1	structural_check	grep -q 'pub struct PromptAssemblyService' crates/roko-compose/src/prompt_assembly_service.rs
2026-04-28T01:44:50+02:00	P1B	1	structural_check	grep -q 'pub mod prompt_assembly_service' crates/roko-compose/src/lib.rs
2026-04-28T01:44:50+02:00	P1B	1	verify_running	cargo check -p roko-compose
2026-04-28T01:46:15+02:00	P1B	1	antipattern_check	! grep -rn 'Command::new.*claude' crates/roko-compose/src/prompt_assembly_service.rs
2026-04-28T01:46:15+02:00	P1B	1	antipattern_check	! grep -rn 'format!.*You are.*the' crates/roko-compose/src/prompt_assembly_service.rs
2026-04-28T01:46:15+02:00	P1B	1	verify_succeeded	all verification checks passed
2026-04-28T01:46:15+02:00	P1B	1	commit_succeeded	02bc90ec
2026-04-28T01:46:15+02:00	P1B	1	attempt_succeeded	verified and committed
2026-04-28T01:46:15+02:00	P1C	1	attempt_started	FeedbackService
2026-04-28T01:46:15+02:00	P1C	1	spawn_started	codex exec started
2026-04-28T01:51:26+02:00	P1C	1	spawn_succeeded	codex exec completed in 5m 11s
2026-04-28T01:51:26+02:00	P1C	1	structural_check	grep -q 'pub struct FeedbackService' crates/roko-learn/src/feedback_service.rs
2026-04-28T01:51:26+02:00	P1C	1	structural_check	grep -q 'pub mod feedback_service' crates/roko-learn/src/lib.rs
2026-04-28T01:51:26+02:00	P1C	1	verify_running	cargo check -p roko-learn
2026-04-28T01:52:42+02:00	P1C	1	verify_succeeded	all verification checks passed
2026-04-28T01:52:42+02:00	P1C	1	commit_succeeded	7474daff
2026-04-28T01:52:42+02:00	P1C	1	attempt_succeeded	verified and committed
2026-04-28T01:52:42+02:00	P1D	1	attempt_started	GateService
2026-04-28T01:52:42+02:00	P1D	1	spawn_started	codex exec started
2026-04-28T01:55:21+02:00	P1D	1	spawn_succeeded	codex exec completed in 2m 39s
2026-04-28T01:55:21+02:00	P1D	1	structural_check	grep -q 'pub struct GateService' crates/roko-gate/src/gate_service.rs
2026-04-28T01:55:21+02:00	P1D	1	structural_check	grep -q 'pub mod gate_service' crates/roko-gate/src/lib.rs
2026-04-28T01:55:21+02:00	P1D	1	verify_running	cargo check -p roko-gate
2026-04-28T01:56:27+02:00	P1D	1	verify_succeeded	all verification checks passed
2026-04-28T01:56:27+02:00	P1D	1	commit_succeeded	78f64232
2026-04-28T01:56:27+02:00	P1D	1	attempt_succeeded	verified and committed
2026-04-28T01:56:27+02:00	P2A	1	attempt_started	PipelineState v2 (config-driven)
2026-04-28T01:56:27+02:00	P2A	1	spawn_started	codex exec started
2026-04-28T01:59:45+02:00	P2A	1	spawn_succeeded	codex exec completed in 3m 18s
2026-04-28T01:59:45+02:00	P2A	1	structural_check	grep -q 'pub struct PipelineStateV2' crates/roko-runtime/src/pipeline_state.rs
2026-04-28T01:59:45+02:00	P2A	1	structural_check	grep -q 'pub mod pipeline_state' crates/roko-runtime/src/lib.rs
2026-04-28T01:59:45+02:00	P2A	1	verify_running	cargo check -p roko-runtime
2026-04-28T02:00:08+02:00	P2A	1	verify_running	cargo test -p roko-runtime --lib -- pipeline_state
2026-04-28T02:00:27+02:00	P2A	1	verify_succeeded	all verification checks passed
2026-04-28T02:00:28+02:00	P2A	1	commit_succeeded	02942905
2026-04-28T02:00:28+02:00	P2A	1	attempt_succeeded	verified and committed
2026-04-28T02:00:28+02:00	P2B	1	attempt_started	TaskScheduler (pure DAG)
2026-04-28T02:00:28+02:00	P2B	1	spawn_started	codex exec started
2026-04-28T02:02:40+02:00	P2B	1	spawn_succeeded	codex exec completed in 2m 12s
2026-04-28T02:02:40+02:00	P2B	1	structural_check	grep -q 'pub struct TaskScheduler' crates/roko-runtime/src/task_scheduler.rs
2026-04-28T02:02:40+02:00	P2B	1	structural_check	grep -q 'pub mod task_scheduler' crates/roko-runtime/src/lib.rs
2026-04-28T02:02:40+02:00	P2B	1	verify_running	cargo check -p roko-runtime
2026-04-28T02:02:58+02:00	P2B	1	verify_running	cargo test -p roko-runtime --lib -- task_scheduler
2026-04-28T02:03:11+02:00	P2B	1	verify_succeeded	all verification checks passed
2026-04-28T02:03:11+02:00	P2B	1	commit_succeeded	c6299c11
2026-04-28T02:03:11+02:00	P2B	1	attempt_succeeded	verified and committed
2026-04-28T02:03:11+02:00	P2C	1	attempt_started	EffectDriver
2026-04-28T02:03:11+02:00	P2C	1	spawn_started	codex exec started
2026-04-28T02:07:37+02:00	P2C	1	spawn_succeeded	codex exec completed in 4m 26s
2026-04-28T02:07:37+02:00	P2C	1	structural_check	grep -q 'pub struct EffectDriver' crates/roko-runtime/src/effect_driver.rs
2026-04-28T02:07:37+02:00	P2C	1	structural_check	grep -q 'pub mod effect_driver' crates/roko-runtime/src/lib.rs
2026-04-28T02:07:37+02:00	P2C	1	verify_running	cargo check -p roko-runtime
2026-04-28T02:07:58+02:00	P2C	1	antipattern_check	! grep -rn 'Command::new.*claude' crates/roko-runtime/src/effect_driver.rs
2026-04-28T02:07:58+02:00	P2C	1	antipattern_check	! grep -rn 'if.*phase.*==' crates/roko-runtime/src/effect_driver.rs
2026-04-28T02:07:58+02:00	P2C	1	verify_succeeded	all verification checks passed
2026-04-28T02:07:58+02:00	P2C	1	commit_succeeded	2eb35f88
2026-04-28T02:07:58+02:00	P2C	1	attempt_succeeded	verified and committed
2026-04-28T02:07:58+02:00	P2D	1	attempt_started	WorkflowEngine facade
2026-04-28T02:07:58+02:00	P2D	1	spawn_started	codex exec started
2026-04-28T02:10:18+02:00	P2D	1	spawn_succeeded	codex exec completed in 2m 20s
2026-04-28T02:10:18+02:00	P2D	1	structural_check	grep -q 'pub struct WorkflowEngine' crates/roko-runtime/src/workflow_engine.rs
2026-04-28T02:10:18+02:00	P2D	1	structural_check	grep -q 'pub mod workflow_engine' crates/roko-runtime/src/lib.rs
2026-04-28T02:10:18+02:00	P2D	1	verify_running	cargo check -p roko-runtime
2026-04-28T02:10:36+02:00	P2D	1	antipattern_check	! grep -rn 'Command::new' crates/roko-runtime/src/workflow_engine.rs
2026-04-28T02:10:36+02:00	P2D	1	verify_succeeded	all verification checks passed
2026-04-28T02:10:37+02:00	P2D	1	commit_succeeded	eb17d92f
2026-04-28T02:10:37+02:00	P2D	1	attempt_succeeded	verified and committed
2026-04-28T02:10:37+02:00	P3A	1	attempt_started	AcpAdapter (EventConsumer → ACP)
2026-04-28T02:10:37+02:00	P3A	1	spawn_started	codex exec started
2026-04-28T02:14:54+02:00	P3A	1	spawn_succeeded	codex exec completed in 4m 17s
2026-04-28T02:14:54+02:00	P3A	1	structural_check	grep -q 'pub struct AcpAdapter' crates/roko-acp/src/acp_adapter.rs
2026-04-28T02:14:54+02:00	P3A	1	structural_check	grep -q 'pub mod acp_adapter' crates/roko-acp/src/lib.rs
2026-04-28T02:14:54+02:00	P3A	1	verify_running	cargo check -p roko-acp
2026-04-28T02:15:55+02:00	P3A	1	verify_succeeded	all verification checks passed
2026-04-28T02:15:55+02:00	P3A	1	commit_succeeded	810a3288
2026-04-28T02:15:55+02:00	P3A	1	attempt_succeeded	verified and committed
2026-04-28T02:15:55+02:00	P3B	1	attempt_started	SseAdapter + REST panel endpoints
2026-04-28T02:15:55+02:00	P3B	1	spawn_started	codex exec started
2026-04-28T02:23:41+02:00	P3B	1	spawn_succeeded	codex exec completed in 7m 46s
2026-04-28T02:23:41+02:00	P3B	1	structural_check	grep -q 'pub struct SseAdapter\|pub fn sse_' crates/roko-serve/src/adapters.rs
2026-04-28T02:23:41+02:00	P3B	1	verify_running	cargo check -p roko-serve
2026-04-28T02:26:06+02:00	P3B	1	verify_succeeded	all verification checks passed
2026-04-28T02:26:07+02:00	P3B	1	commit_succeeded	887db0f6
2026-04-28T02:26:07+02:00	P3B	1	attempt_succeeded	verified and committed
2026-04-28T02:26:07+02:00	P3C	1	attempt_started	JsonlLogger + RuntimeProjection
2026-04-28T02:26:07+02:00	P3C	1	spawn_started	codex exec started
2026-04-28T02:29:04+02:00	P3C	1	spawn_succeeded	codex exec completed in 2m 57s
2026-04-28T02:29:04+02:00	P3C	1	structural_check	grep -q 'pub struct JsonlLogger' crates/roko-runtime/src/jsonl_logger.rs
2026-04-28T02:29:04+02:00	P3C	1	structural_check	grep -q 'pub struct RuntimeProjection' crates/roko-runtime/src/projection.rs
2026-04-28T02:29:04+02:00	P3C	1	verify_running	cargo check -p roko-runtime
2026-04-28T02:29:23+02:00	P3C	1	verify_succeeded	all verification checks passed
2026-04-28T02:29:23+02:00	P3C	1	commit_succeeded	4a88705f
2026-04-28T02:29:23+02:00	P3C	1	attempt_succeeded	verified and committed
2026-04-28T02:29:23+02:00	P4A	1	attempt_started	Wire CLI entry points
2026-04-28T02:29:23+02:00	P4A	1	spawn_started	codex exec started
2026-04-28T02:35:48+02:00	P4A	1	spawn_succeeded	codex exec completed in 6m 25s
2026-04-28T02:35:48+02:00	P4A	1	structural_check	grep -q 'WorkflowEngine\|workflow_engine' crates/roko-cli/src/run.rs
2026-04-28T02:35:48+02:00	P4A	1	verify_running	cargo check -p roko-cli
2026-04-28T02:40:01+02:00	P4A	1	antipattern_check	! grep -rn 'Command::new.*claude' crates/roko-cli/src/run.rs
2026-04-28T02:40:01+02:00	P4A	1	verify_succeeded	all verification checks passed
2026-04-28T02:40:01+02:00	P4A	1	commit_succeeded	76be1d62
2026-04-28T02:40:01+02:00	P4A	1	attempt_succeeded	verified and committed
2026-04-28T02:40:01+02:00	P4B	1	attempt_started	Wire ACP entry points
2026-04-28T02:40:01+02:00	P4B	1	spawn_started	codex exec started
2026-04-28T02:45:54+02:00	P4B	1	spawn_succeeded	codex exec completed in 5m 53s
2026-04-28T02:45:54+02:00	P4B	1	structural_check	grep -q 'WorkflowEngine\|workflow_engine' crates/roko-acp/src/runner.rs
2026-04-28T02:45:54+02:00	P4B	1	verify_running	cargo check -p roko-acp
2026-04-28T02:47:09+02:00	P4B	1	antipattern_check	! grep -rn 'Command::new.*claude' crates/roko-acp/src/bridge_events.rs
2026-04-28T02:47:09+02:00	P4B	1	antipattern_failed	! grep -rn 'Command::new.*claude' crates/roko-acp/src/bridge_events.rs
2026-04-28T02:47:09+02:00	P4B	1	antipattern_check	! grep -rn 'Command::new.*claude' crates/roko-acp/src/runner.rs
2026-04-28T02:47:09+02:00	P4B	1	attempt_failed	verification failed
2026-04-28T02:47:09+02:00	P4B	1	attempt_backed_up	saved failed verify state for retry
2026-04-28T02:47:09+02:00	P4B	2	attempt_preserved_retry	reusing dirty worktree state from failed prior attempt
2026-04-28T02:47:09+02:00	P4B	2	spawn_started	codex exec started
2026-04-28T02:51:42+02:00	P4B	2	spawn_succeeded	codex exec completed in 4m 33s
2026-04-28T02:51:43+02:00	P4B	2	structural_check	grep -q 'WorkflowEngine\|workflow_engine' crates/roko-acp/src/runner.rs
2026-04-28T02:51:43+02:00	P4B	2	verify_running	cargo check -p roko-acp
2026-04-28T02:52:58+02:00	P4B	2	antipattern_check	! grep -rn 'Command::new.*claude' crates/roko-acp/src/bridge_events.rs
2026-04-28T02:52:58+02:00	P4B	2	antipattern_check	! grep -rn 'Command::new.*claude' crates/roko-acp/src/runner.rs
2026-04-28T02:52:58+02:00	P4B	2	verify_succeeded	all verification checks passed
2026-04-28T02:52:59+02:00	P4B	2	commit_succeeded	e7df79f7
2026-04-28T02:52:59+02:00	P4B	2	attempt_succeeded	verified and committed
