2026-04-25T12:43:57+02:00	RT00	1	attempt_started	Define the done gate and parity ledger contract
2026-04-25T12:43:57+02:00	RT00	1	spawn_started	codex exec started
2026-04-25T12:56:14+02:00	RT00	1	spawn_succeeded	codex completed
2026-04-25T12:56:14+02:00	RT00	1	verify_running	cargo check -p roko-core -p roko-gate -p roko-cli
2026-04-25T12:57:57+02:00	RT00	1	verify_running	cargo test -p roko-gate --lib --no-run
2026-04-25T12:58:57+02:00	RT00	1	verify_running	cargo test -p roko-cli --test plan_validate --no-run
2026-04-25T13:02:23+02:00	RT00	1	verify_succeeded	all verification commands passed
2026-04-25T13:02:24+02:00	RT00	1	commit_succeeded	896b2972
2026-04-25T13:02:31+02:00	RT00	1	attempt_succeeded	verified and committed
2026-04-25T13:02:31+02:00	RT01	1	attempt_started	Structured review verdict parsing and fail-closed contracts
2026-04-25T13:02:31+02:00	RT01	1	spawn_started	codex exec started
2026-04-25T13:22:49+02:00	RT01	1	spawn_succeeded	codex completed
2026-04-25T13:22:49+02:00	RT01	1	verify_running	cargo check -p roko-gate -p roko-orchestrator -p roko-cli
2026-04-25T13:24:37+02:00	RT01	1	verify_running	cargo test -p roko-gate --lib --no-run
2026-04-25T13:25:34+02:00	RT01	1	verify_running	cargo test -p roko-orchestrator --lib --no-run
2026-04-25T13:26:12+02:00	RT01	1	verify_succeeded	all verification commands passed
2026-04-25T13:26:12+02:00	RT01	1	commit_succeeded	ca1934d0
2026-04-25T13:26:17+02:00	RT01	1	attempt_succeeded	verified and committed
2026-04-25T13:26:17+02:00	RT02	1	attempt_started	Compile error classification and pre-agent cargo-fix path
2026-04-25T13:26:18+02:00	RT02	1	spawn_started	codex exec started
2026-04-25T13:44:56+02:00	RT02	1	spawn_succeeded	codex completed
2026-04-25T13:44:56+02:00	RT02	1	verify_running	cargo check -p roko-gate -p roko-agent -p roko-cli
2026-04-25T13:46:54+02:00	RT02	1	verify_running	cargo test -p roko-gate --test compile_real_project --no-run
2026-04-25T13:47:40+02:00	RT02	1	verify_running	cargo test -p roko-cli --test e2e_self_host --no-run
2026-04-25T13:50:56+02:00	RT02	1	verify_succeeded	all verification commands passed
2026-04-25T13:50:56+02:00	RT02	1	commit_succeeded	6400e752
2026-04-25T13:51:03+02:00	RT02	1	attempt_succeeded	verified and committed
2026-04-25T13:51:03+02:00	RT03	1	attempt_started	Gate failure memory and cross-agent error pattern sharing
2026-04-25T13:51:04+02:00	RT03	1	spawn_started	codex exec started
2026-04-25T14:08:27+02:00	RT03	1	spawn_succeeded	codex completed
2026-04-25T14:08:27+02:00	RT03	1	verify_running	cargo check -p roko-orchestrator -p roko-gate -p roko-learn
2026-04-25T14:09:17+02:00	RT03	1	verify_running	cargo test -p roko-learn --lib --no-run
2026-04-25T14:10:28+02:00	RT03	1	verify_running	cargo test -p roko-orchestrator --lib --no-run
2026-04-25T14:11:11+02:00	RT03	1	verify_succeeded	all verification commands passed
2026-04-25T14:11:11+02:00	RT03	1	commit_succeeded	ca1be085
2026-04-25T14:11:15+02:00	RT03	1	attempt_succeeded	verified and committed
2026-04-25T14:11:15+02:00	RT04	1	attempt_started	Post-gate reflection loop and playbook rule extraction
2026-04-25T14:11:15+02:00	RT04	1	spawn_started	codex exec started
2026-04-25T14:21:06+02:00	RT04	1	spawn_succeeded	codex completed
2026-04-25T14:21:07+02:00	RT04	1	verify_running	cargo check -p roko-learn -p roko-conductor -p roko-orchestrator
2026-04-25T14:21:47+02:00	RT04	1	verify_running	cargo test -p roko-conductor --lib --no-run
2026-04-25T14:22:48+02:00	RT04	1	verify_running	cargo test -p roko-learn --lib --no-run
2026-04-25T14:23:35+02:00	RT04	1	verify_succeeded	all verification commands passed
2026-04-25T14:23:35+02:00	RT04	1	commit_succeeded	63f18972
2026-04-25T14:23:38+02:00	RT04	1	attempt_succeeded	verified and committed
2026-04-25T14:23:38+02:00	RT05	1	attempt_started	Context injection scoping and knowledge controls
2026-04-25T14:23:38+02:00	RT05	1	spawn_started	codex exec started
2026-04-25T14:35:30+02:00	RT05	1	spawn_succeeded	codex completed
2026-04-25T14:35:30+02:00	RT05	1	verify_running	cargo check -p roko-compose -p roko-orchestrator -p roko-core
2026-04-25T14:36:19+02:00	RT05	1	verify_running	cargo test -p roko-compose --lib --no-run
2026-04-25T14:37:36+02:00	RT05	1	verify_running	cargo test -p roko-orchestrator --lib --no-run
2026-04-25T14:38:13+02:00	RT05	1	verify_succeeded	all verification commands passed
2026-04-25T14:38:13+02:00	RT05	1	commit_succeeded	e46ad856
2026-04-25T14:38:16+02:00	RT05	1	attempt_succeeded	verified and committed
2026-04-25T14:38:16+02:00	RT06	1	attempt_started	Warm agent spawning, reuse, and interruption-safe resume
2026-04-25T14:38:16+02:00	RT06	1	spawn_started	codex exec started
2026-04-25T14:53:34+02:00	RT06	1	spawn_succeeded	codex completed
2026-04-25T14:53:34+02:00	RT06	1	verify_running	cargo check -p roko-agent -p roko-runtime -p roko-cli
2026-04-25T14:55:37+02:00	RT06	1	verify_running	cargo test -p roko-runtime --test process_supervisor --no-run
2026-04-25T14:55:53+02:00	RT06	1	verify_running	cargo test -p roko-agent --test process_integration --no-run
2026-04-25T14:56:56+02:00	RT06	1	verify_succeeded	all verification commands passed
2026-04-25T14:56:56+02:00	RT06	1	commit_succeeded	43d1fb72
2026-04-25T14:57:00+02:00	RT06	1	attempt_succeeded	verified and committed
2026-04-25T14:57:00+02:00	RT07	1	attempt_started	Gate failure replanning and plan revision flow
2026-04-25T14:57:01+02:00	RT07	1	spawn_started	codex exec started
2026-04-25T15:18:03+02:00	RT07	1	spawn_succeeded	codex completed
2026-04-25T15:18:03+02:00	RT07	1	verify_running	cargo check -p roko-orchestrator -p roko-cli -p roko-serve
2026-04-25T15:19:57+02:00	RT07	1	verify_running	cargo test -p roko-cli --test e2e_self_host --no-run
2026-04-25T15:22:53+02:00	RT07	1	verify_running	cargo test -p roko-serve --test job_runner_integration --no-run
2026-04-25T15:24:17+02:00	RT07	1	verify_succeeded	all verification commands passed
2026-04-25T15:24:17+02:00	RT07	1	commit_succeeded	fcadc556
2026-04-25T15:24:26+02:00	RT07	1	attempt_succeeded	verified and committed
2026-04-25T15:24:27+02:00	RT08	1	attempt_started	Provider/model pass-rate feedback and reward telemetry
2026-04-25T15:24:27+02:00	RT08	1	spawn_started	codex exec started
2026-04-25T15:39:20+02:00	RT08	1	spawn_succeeded	codex completed
2026-04-25T15:39:20+02:00	RT08	1	verify_running	cargo check -p roko-learn -p roko-agent -p roko-serve
2026-04-25T15:40:45+02:00	RT08	1	verify_running	cargo test -p roko-learn --lib --no-run
2026-04-25T15:41:43+02:00	RT08	1	verify_running	cargo test -p roko-agent --test provider_integration --no-run
2026-04-25T15:42:08+02:00	RT08	1	verify_succeeded	all verification commands passed
2026-04-25T15:42:08+02:00	RT08	1	commit_succeeded	0d672f9a
2026-04-25T15:42:13+02:00	RT08	1	attempt_succeeded	verified and committed
2026-04-25T15:42:13+02:00	RT09	1	attempt_started	A-MAC and knowledge admission for trustworthy memory
2026-04-25T15:42:13+02:00	RT09	1	spawn_started	codex exec started
2026-04-25T15:50:59+02:00	RT09	1	spawn_succeeded	codex completed
2026-04-25T15:50:59+02:00	RT09	1	verify_running	cargo check -p roko-neuro -p roko-learn -p roko-core
2026-04-25T15:51:38+02:00	RT09	1	verify_running	cargo test -p roko-neuro --lib --no-run
2026-04-25T15:52:42+02:00	RT09	1	verify_running	cargo test -p roko-learn --lib --no-run
2026-04-25T15:53:00+02:00	RT09	1	verify_succeeded	all verification commands passed
2026-04-25T15:53:00+02:00	RT09	1	commit_succeeded	60fa7537
2026-04-25T15:53:01+02:00	RT09	1	attempt_succeeded	verified and committed
2026-04-25T15:53:02+02:00	RT10	1	attempt_started	Remove live Mori/Bardo prompt leakage from Roko roles
2026-04-25T15:53:02+02:00	RT10	1	spawn_started	codex exec started
2026-04-25T16:13:01+02:00	RT10	1	spawn_succeeded	codex completed
2026-04-25T16:13:01+02:00	RT10	1	verify_running	cargo check -p roko-compose -p roko-orchestrator -p roko-agent -p roko-cli
2026-04-25T16:14:40+02:00	RT10	1	verify_running	cargo test -p roko-agent --test role_tools --no-run
2026-04-25T16:15:29+02:00	RT10	1	verify_running	cargo test -p roko-compose --lib --no-run
2026-04-25T16:16:21+02:00	RT10	1	verify_succeeded	all verification commands passed
2026-04-25T16:16:21+02:00	RT10	1	commit_succeeded	3af93f9c
2026-04-25T16:16:26+02:00	RT10	1	attempt_succeeded	verified and committed
2026-04-25T16:16:26+02:00	RT11	1	attempt_started	RoleProfile and PromptPolicy manifest contracts
2026-04-25T16:16:26+02:00	RT11	1	spawn_started	codex exec started
2026-04-25T16:32:16+02:00	RT11	1	spawn_succeeded	codex completed
2026-04-25T16:32:16+02:00	RT11	1	verify_running	cargo check -p roko-core -p roko-compose -p roko-agent
2026-04-25T16:32:52+02:00	RT11	1	verify_running	cargo test -p roko-core --lib --no-run
2026-04-25T16:33:31+02:00	RT11	1	verify_running	cargo test -p roko-compose --lib --no-run
2026-04-25T16:34:28+02:00	RT11	1	verify_succeeded	all verification commands passed
2026-04-25T16:34:28+02:00	RT11	1	commit_succeeded	bf4f687e
2026-04-25T16:34:31+02:00	RT11	1	attempt_succeeded	verified and committed
2026-04-25T16:34:31+02:00	RT12	1	attempt_started	Manifest-backed built-in roles: architect, implementer, scribe
2026-04-25T16:34:31+02:00	RT12	1	spawn_started	codex exec started
2026-04-25T16:54:36+02:00	RT12	1	spawn_succeeded	codex completed
2026-04-25T16:54:36+02:00	RT12	1	verify_running	cargo check -p roko-agent -p roko-compose -p roko-cli
2026-04-25T16:56:40+02:00	RT12	1	verify_running	cargo test -p roko-agent --test role_tools --no-run
2026-04-25T16:57:51+02:00	RT12	1	verify_running	cargo test -p roko-cli --test agent_config --no-run
2026-04-25T17:01:35+02:00	RT12	1	verify_succeeded	all verification commands passed
2026-04-25T17:01:36+02:00	RT12	1	commit_succeeded	1e843172
2026-04-25T17:01:46+02:00	RT12	1	attempt_succeeded	verified and committed
2026-04-25T17:01:46+02:00	RT13	1	attempt_started	CognitiveWorkspace audit object and context provenance
2026-04-25T17:01:46+02:00	RT13	1	spawn_started	codex exec started
2026-04-25T17:12:16+02:00	RT13	1	spawn_succeeded	codex completed
2026-04-25T17:12:16+02:00	RT13	1	verify_running	cargo check -p roko-compose -p roko-core -p roko-orchestrator
2026-04-25T17:13:24+02:00	RT13	1	verify_running	cargo test -p roko-compose --lib --no-run
2026-04-25T17:14:48+02:00	RT13	1	verify_running	cargo test -p roko-core --lib --no-run
2026-04-25T17:15:41+02:00	RT13	1	verify_succeeded	all verification commands passed
2026-04-25T17:15:41+02:00	RT13	1	commit_succeeded	19a1b9f3
2026-04-25T17:15:44+02:00	RT13	1	attempt_succeeded	verified and committed
2026-04-25T17:15:44+02:00	RT14	1	attempt_started	ContextEngine bidder registry with cold-start policies
2026-04-25T17:15:44+02:00	RT14	1	spawn_started	codex exec started
2026-04-25T17:31:31+02:00	RT14	1	spawn_succeeded	codex completed
2026-04-25T17:31:31+02:00	RT14	1	verify_running	cargo check -p roko-compose -p roko-learn -p roko-orchestrator
2026-04-25T17:32:13+02:00	RT14	1	verify_running	cargo test -p roko-compose --lib --no-run
2026-04-25T17:33:22+02:00	RT14	1	verify_running	cargo test -p roko-learn --lib --no-run
2026-04-25T17:34:11+02:00	RT14	1	verify_succeeded	all verification commands passed
2026-04-25T17:34:11+02:00	RT14	1	commit_succeeded	78c384f9
2026-04-25T17:34:14+02:00	RT14	1	attempt_succeeded	verified and committed
2026-04-25T17:34:14+02:00	RT15	1	attempt_started	Cybernetic telemetry for prompt/context section outcomes
2026-04-25T17:34:15+02:00	RT15	1	spawn_started	codex exec started
2026-04-25T18:05:12+02:00	RT15	1	spawn_succeeded	codex completed
2026-04-25T18:05:12+02:00	RT15	1	verify_running	cargo check -p roko-learn -p roko-compose -p roko-serve
2026-04-25T18:06:51+02:00	RT15	1	verify_running	cargo test -p roko-learn --lib --no-run
2026-04-25T18:07:59+02:00	RT15	1	verify_running	cargo test -p roko-serve --test job_lifecycle --no-run
2026-04-25T18:10:43+02:00	RT15	1	verify_succeeded	all verification commands passed
2026-04-25T18:10:43+02:00	RT15	1	commit_succeeded	b9ee3fe5
2026-04-25T18:10:51+02:00	RT15	1	attempt_succeeded	verified and committed
2026-04-25T18:10:51+02:00	RT16	1	attempt_started	LearningBidder posteriors and attention policy controls
2026-04-25T18:10:52+02:00	RT16	1	spawn_started	codex exec started
2026-04-25T18:22:46+02:00	RT16	1	spawn_succeeded	codex completed
2026-04-25T18:22:46+02:00	RT16	1	verify_running	cargo check -p roko-learn -p roko-compose -p roko-orchestrator
2026-04-25T18:23:43+02:00	RT16	1	verify_running	cargo test -p roko-learn --lib --no-run
2026-04-25T18:25:02+02:00	RT16	1	verify_running	cargo test -p roko-compose --lib --no-run
2026-04-25T18:26:12+02:00	RT16	1	verify_succeeded	all verification commands passed
2026-04-25T18:26:13+02:00	RT16	1	commit_succeeded	79da36c3
2026-04-25T18:26:16+02:00	RT16	1	attempt_succeeded	verified and committed
2026-04-25T18:26:16+02:00	RT17	1	attempt_started	Contextual bandits for routing, model, and context decisions
2026-04-25T18:26:16+02:00	RT17	1	spawn_started	codex exec started
2026-04-25T18:49:20+02:00	RT17	1	spawn_succeeded	codex completed
2026-04-25T18:49:20+02:00	RT17	1	verify_running	cargo check -p roko-learn -p roko-agent -p roko-serve -p roko-cli
2026-04-25T18:51:10+02:00	RT17	1	verify_running	cargo test -p roko-learn --lib --no-run
2026-04-25T18:52:21+02:00	RT17	1	verify_running	cargo test -p roko-cli --test agent_config --no-run
2026-04-25T18:55:58+02:00	RT17	1	verify_succeeded	all verification commands passed
2026-04-25T18:55:58+02:00	RT17	1	commit_succeeded	d4ff1729
2026-04-25T18:56:10+02:00	RT17	1	attempt_succeeded	verified and committed
2026-04-25T18:56:10+02:00	RT18	1	attempt_started	Durable runtime and control plane essentials
2026-04-25T18:56:10+02:00	RT18	1	spawn_started	codex exec started
2026-04-25T19:19:20+02:00	RT18	1	spawn_succeeded	codex completed
2026-04-25T19:19:20+02:00	RT18	1	verify_running	cargo check -p roko-runtime -p roko-orchestrator -p roko-serve -p roko-cli
2026-04-25T19:21:28+02:00	RT18	1	verify_running	cargo test -p roko-runtime --test process_supervisor --no-run
2026-04-25T19:21:45+02:00	RT18	1	verify_running	cargo test -p roko-cli --test e2e_self_host --no-run
2026-04-25T19:25:37+02:00	RT18	1	verify_succeeded	all verification commands passed
2026-04-25T19:25:38+02:00	RT18	1	commit_succeeded	8c941c56
2026-04-25T19:25:45+02:00	RT18	1	attempt_succeeded	verified and committed
2026-04-25T19:25:46+02:00	RT19	1	attempt_started	Finish the trustworthy self-hosting workflow loop
2026-04-25T19:25:46+02:00	RT19	1	spawn_started	codex exec started
2026-04-25T19:44:44+02:00	RT19	1	spawn_succeeded	codex completed
2026-04-25T19:44:44+02:00	RT19	1	verify_running	cargo check -p roko-cli -p roko-orchestrator -p roko-gate -p roko-compose -p roko-learn -p roko-agent
2026-04-25T19:46:46+02:00	RT19	1	verify_running	cargo test -p roko-cli --test e2e_self_host --no-run
2026-04-25T19:50:46+02:00	RT19	1	verify_running	cargo test -p roko-gate --lib --no-run
2026-04-25T19:51:40+02:00	RT19	1	verify_succeeded	all verification commands passed
2026-04-25T19:51:40+02:00	RT19	1	commit_succeeded	8b8cb782
2026-04-25T19:51:50+02:00	RT19	1	attempt_succeeded	verified and committed
2026-04-25T19:51:50+02:00	RT20	1	attempt_started	Core architecture implementation queue handoff
2026-04-25T19:51:50+02:00	RT20	1	spawn_started	codex exec started
2026-04-25T20:12:45+02:00	RT20	1	spawn_succeeded	codex completed
2026-04-25T20:12:45+02:00	RT20	1	verify_running	cargo check -p roko-core -p roko-runtime -p roko-agent -p roko-orchestrator -p roko-compose -p roko-gate -p roko-learn -p roko-neuro -p roko-serve -p roko-cli
2026-04-25T20:14:56+02:00	RT20	1	verify_running	cargo test -p roko-orchestrator --lib --no-run
2026-04-25T20:15:58+02:00	RT20	1	verify_running	cargo test -p roko-cli --test plan_validate --no-run
2026-04-25T20:20:53+02:00	RT20	1	verify_succeeded	all verification commands passed
2026-04-25T20:20:53+02:00	RT20	1	commit_succeeded	45e4829a
2026-04-25T20:21:02+02:00	RT20	1	attempt_succeeded	verified and committed
2026-04-25T20:21:02+02:00	RT21	1	attempt_started	Docs parity enforcement after runtime gates
2026-04-25T20:21:02+02:00	RT21	1	spawn_started	codex exec started
2026-04-25T20:36:16+02:00	RT21	1	spawn_succeeded	codex completed
2026-04-25T20:36:16+02:00	RT21	1	verify_running	cargo check -p roko-cli -p roko-gate -p roko-orchestrator
2026-04-25T20:38:26+02:00	RT21	1	verify_running	cargo test -p roko-cli --test plan_validate --no-run
2026-04-25T20:42:21+02:00	RT21	1	verify_running	cargo test -p roko-gate --lib --no-run
2026-04-25T20:43:13+02:00	RT21	1	verify_succeeded	all verification commands passed
2026-04-25T20:43:14+02:00	RT21	1	commit_succeeded	3924b733
2026-04-25T20:43:22+02:00	RT21	1	attempt_succeeded	verified and committed
2026-04-25T20:43:22+02:00	RT22	1	attempt_started	Dashboard and product surfaces consume stable projections
2026-04-25T20:43:22+02:00	RT22	1	spawn_started	codex exec started
2026-04-25T20:59:22+02:00	RT22	1	spawn_succeeded	codex completed
2026-04-25T20:59:22+02:00	RT22	1	verify_running	cargo check -p roko-serve -p roko-agent-server -p roko-cli
2026-04-25T21:01:33+02:00	RT22	1	verify_running	cargo test -p roko-serve --test api_integration --no-run
2026-04-25T21:04:20+02:00	RT22	1	verify_running	cargo test -p roko-agent-server --test relay_registration --no-run
2026-04-25T21:05:22+02:00	RT22	1	verify_succeeded	all verification commands passed
2026-04-25T21:05:22+02:00	RT22	1	commit_succeeded	b0c0f133
2026-04-25T21:05:30+02:00	RT22	1	attempt_succeeded	verified and committed
2026-04-25T21:05:30+02:00	RT23	1	attempt_started	Chain, economy, and advanced surfaces deferral packet
2026-04-25T21:05:30+02:00	RT23	1	spawn_started	codex exec started
2026-04-25T21:19:27+02:00	RT23	1	spawn_succeeded	codex completed
2026-04-25T21:19:27+02:00	RT23	1	verify_running	cargo check -p roko-chain -p roko-agent-server -p roko-serve -p roko-demo
2026-04-25T21:21:23+02:00	RT23	1	verify_running	cargo test -p roko-chain --lib --no-run
2026-04-25T21:22:09+02:00	RT23	1	verify_running	cargo test -p roko-demo --lib --no-run
2026-04-25T21:23:45+02:00	RT23	1	verify_succeeded	all verification commands passed
2026-04-25T21:23:46+02:00	RT23	1	commit_succeeded	283d8f87
2026-04-25T21:23:53+02:00	RT23	1	attempt_succeeded	verified and committed
