2026-04-18T21:13:38+02:00	DP00	1	attempt_started	00-architecture: Architecture
2026-04-18T21:13:38+02:00	DP00	1	spawn_started	codex exec started
2026-04-18T21:19:27+02:00	DP00	1	spawn_succeeded	codex completed
2026-04-18T21:19:27+02:00	DP00	1	verify_running	cargo check -p roko-core
2026-04-18T21:19:42+02:00	DP00	1	verify_running	cargo test -p roko-core --lib --no-run
2026-04-18T21:20:04+02:00	DP00	1	verify_running	cargo clippy -p roko-core --no-deps -- -D warnings
2026-04-18T21:20:09+02:00	DP00	1	verify_succeeded	all verification commands passed
2026-04-18T21:20:09+02:00	DP00	1	commit_succeeded	16504354
2026-04-18T21:20:09+02:00	DP00	1	attempt_succeeded	verified and committed
2026-04-18T21:20:10+02:00	DP01	1	attempt_started	01-orchestration: Orchestration
2026-04-18T21:20:10+02:00	DP01	1	spawn_started	codex exec started
2026-04-18T21:32:26+02:00	DP01	1	spawn_succeeded	codex completed
2026-04-18T21:32:26+02:00	DP01	1	verify_running	cargo check -p roko-orchestrator -p roko-cli
2026-04-18T21:33:21+02:00	DP01	1	verify_running	cargo test -p roko-orchestrator -p roko-cli --lib --no-run
2026-04-18T21:35:21+02:00	DP01	1	verify_running	cargo clippy -p roko-orchestrator -p roko-cli --no-deps -- -D warnings
2026-04-18T21:35:42+02:00	DP01	1	verify_succeeded	all verification commands passed
2026-04-18T21:35:42+02:00	DP01	1	commit_succeeded	d606adf9
2026-04-18T21:35:46+02:00	DP01	1	attempt_succeeded	verified and committed
2026-04-18T21:35:46+02:00	DP02	1	attempt_started	02-agents: Agents
2026-04-18T21:35:46+02:00	DP02	1	spawn_started	codex exec started
2026-04-18T21:45:58+02:00	DP02	1	spawn_succeeded	codex completed
2026-04-18T21:45:58+02:00	DP02	1	verify_running	cargo check -p roko-agent
2026-04-18T21:46:21+02:00	DP02	1	verify_running	cargo test -p roko-agent --lib --no-run
2026-04-18T21:47:10+02:00	DP02	1	verify_running	cargo clippy -p roko-agent --no-deps -- -D warnings
2026-04-18T21:47:17+02:00	DP02	1	verify_succeeded	all verification commands passed
2026-04-18T21:47:17+02:00	DP02	1	commit_succeeded	d5e30088
2026-04-18T21:47:19+02:00	DP02	1	attempt_succeeded	verified and committed
2026-04-18T21:47:19+02:00	DP03	1	attempt_started	03-composition: Composition
2026-04-18T21:47:19+02:00	DP03	1	spawn_started	codex exec started
2026-04-18T21:52:57+02:00	DP03	1	spawn_succeeded	codex completed
2026-04-18T21:52:57+02:00	DP03	1	verify_running	cargo check -p roko-compose
2026-04-18T21:53:27+02:00	DP03	1	verify_running	cargo test -p roko-compose --lib --no-run
2026-04-18T21:54:14+02:00	DP03	1	verify_running	cargo clippy -p roko-compose --no-deps -- -D warnings
2026-04-18T21:54:24+02:00	DP03	1	verify_succeeded	all verification commands passed
2026-04-18T21:54:25+02:00	DP03	1	commit_succeeded	bbe19f97
2026-04-18T21:54:26+02:00	DP03	1	attempt_succeeded	verified and committed
2026-04-18T21:54:26+02:00	DP04	1	attempt_started	04-verification: Verification
2026-04-18T21:54:27+02:00	DP04	1	spawn_started	codex exec started
2026-04-18T21:59:35+02:00	DP04	1	spawn_succeeded	codex completed
2026-04-18T21:59:35+02:00	DP04	1	verify_running	cargo check -p roko-gate
2026-04-18T21:59:59+02:00	DP04	1	verify_running	cargo test -p roko-gate --lib --no-run
2026-04-18T22:00:32+02:00	DP04	1	verify_running	cargo clippy -p roko-gate --no-deps -- -D warnings
2026-04-18T22:00:39+02:00	DP04	1	verify_succeeded	all verification commands passed
2026-04-18T22:00:39+02:00	DP04	1	commit_succeeded	f5390853
2026-04-18T22:00:40+02:00	DP04	1	attempt_succeeded	verified and committed
2026-04-18T22:00:40+02:00	DP05	1	attempt_started	05-learning: Learning
2026-04-18T22:00:40+02:00	DP05	1	spawn_started	codex exec started
2026-04-18T22:09:34+02:00	DP05	1	spawn_succeeded	codex completed
2026-04-18T22:09:34+02:00	DP05	1	verify_running	cargo check -p roko-learn
2026-04-18T22:10:02+02:00	DP05	1	verify_running	cargo test -p roko-learn --lib --no-run
2026-04-18T22:10:45+02:00	DP05	1	verify_running	cargo clippy -p roko-learn --no-deps -- -D warnings
2026-04-18T22:10:56+02:00	DP05	1	verify_succeeded	all verification commands passed
2026-04-18T22:10:56+02:00	DP05	1	commit_succeeded	4e55e682
2026-04-18T22:10:57+02:00	DP05	1	attempt_succeeded	verified and committed
2026-04-18T22:10:57+02:00	DP06	1	attempt_started	06-neuro: Neuro
2026-04-18T22:10:58+02:00	DP06	1	spawn_started	codex exec started
2026-04-18T22:18:55+02:00	DP06	1	spawn_succeeded	codex completed
2026-04-18T22:18:55+02:00	DP06	1	verify_running	cargo check -p roko-neuro -p roko-primitives
2026-04-18T22:19:23+02:00	DP06	1	verify_running	cargo test -p roko-neuro -p roko-primitives --lib --no-run
2026-04-18T22:19:59+02:00	DP06	1	verify_running	cargo clippy -p roko-neuro -p roko-primitives --no-deps -- -D warnings
2026-04-18T22:20:08+02:00	DP06	1	verify_succeeded	all verification commands passed
2026-04-18T22:20:08+02:00	DP06	1	commit_succeeded	4785a21a
2026-04-18T22:20:10+02:00	DP06	1	attempt_succeeded	verified and committed
2026-04-18T22:20:10+02:00	DP07	1	attempt_started	07-conductor: Conductor
2026-04-18T22:20:10+02:00	DP07	1	spawn_started	codex exec started
2026-04-18T22:30:05+02:00	DP07	1	spawn_succeeded	codex completed
2026-04-18T22:30:05+02:00	DP07	1	verify_running	cargo check -p roko-conductor
2026-04-18T22:30:33+02:00	DP07	1	verify_running	cargo test -p roko-conductor --lib --no-run
2026-04-18T22:31:09+02:00	DP07	1	verify_running	cargo clippy -p roko-conductor --no-deps -- -D warnings
2026-04-18T22:31:19+02:00	DP07	1	verify_succeeded	all verification commands passed
2026-04-18T22:31:19+02:00	DP07	1	commit_succeeded	31ddc2d6
2026-04-18T22:31:21+02:00	DP07	1	attempt_succeeded	verified and committed
2026-04-18T22:31:21+02:00	DP08	1	attempt_started	08-chain: Chain
2026-04-18T22:31:21+02:00	DP08	1	spawn_started	codex exec started
2026-04-18T22:40:43+02:00	DP08	1	spawn_succeeded	codex completed
2026-04-18T22:40:43+02:00	DP08	1	verify_running	cargo check -p roko-chain
2026-04-18T22:40:58+02:00	DP08	1	verify_running	cargo test -p roko-chain --lib --no-run
2026-04-18T22:41:14+02:00	DP08	1	verify_running	cargo clippy -p roko-chain --no-deps -- -D warnings
2026-04-18T22:41:18+02:00	DP08	1	verify_succeeded	all verification commands passed
2026-04-18T22:41:18+02:00	DP08	1	commit_succeeded	e868ab9c
2026-04-18T22:41:19+02:00	DP08	1	attempt_succeeded	verified and committed
2026-04-18T22:41:19+02:00	DP09	1	attempt_started	09-daimon: Daimon
2026-04-18T22:41:19+02:00	DP09	1	spawn_started	codex exec started
2026-04-18T22:49:41+02:00	DP09	1	spawn_succeeded	codex completed
2026-04-18T22:49:41+02:00	DP09	1	verify_running	cargo check -p roko-daimon
2026-04-18T22:49:57+02:00	DP09	1	verify_running	cargo test -p roko-daimon --lib --no-run
2026-04-18T22:50:14+02:00	DP09	1	verify_running	cargo clippy -p roko-daimon --no-deps -- -D warnings
2026-04-18T22:50:18+02:00	DP09	1	verify_succeeded	all verification commands passed
2026-04-18T22:50:18+02:00	DP09	1	commit_succeeded	951dd041
2026-04-18T22:50:19+02:00	DP09	1	attempt_succeeded	verified and committed
2026-04-18T22:50:19+02:00	DP10	1	attempt_started	10-dreams: Dreams
2026-04-18T22:50:19+02:00	DP10	1	spawn_started	codex exec started
2026-04-18T23:03:19+02:00	DP10	1	spawn_succeeded	codex completed
2026-04-18T23:03:19+02:00	DP10	1	verify_running	cargo check -p roko-dreams
2026-04-18T23:03:51+02:00	DP10	1	verify_running	cargo test -p roko-dreams --lib --no-run
2026-04-18T23:04:32+02:00	DP10	1	verify_running	cargo clippy -p roko-dreams --no-deps -- -D warnings
2026-04-18T23:04:45+02:00	DP10	1	verify_succeeded	all verification commands passed
2026-04-18T23:04:45+02:00	DP10	1	commit_succeeded	7d6e34d8
2026-04-18T23:04:47+02:00	DP10	1	attempt_succeeded	verified and committed
2026-04-18T23:04:47+02:00	DP11	1	attempt_started	11-safety: Safety
2026-04-18T23:04:47+02:00	DP11	1	spawn_started	codex exec started
2026-04-18T23:15:03+02:00	DP11	1	spawn_succeeded	codex completed
2026-04-18T23:15:03+02:00	DP11	1	verify_running	cargo check -p roko-agent
2026-04-18T23:15:27+02:00	DP11	1	verify_running	cargo test -p roko-agent --lib --no-run
2026-04-18T23:16:18+02:00	DP11	1	verify_running	cargo clippy -p roko-agent --no-deps -- -D warnings
2026-04-18T23:16:25+02:00	DP11	1	verify_succeeded	all verification commands passed
2026-04-18T23:16:25+02:00	DP11	1	commit_succeeded	1391d630
2026-04-18T23:16:27+02:00	DP11	1	attempt_succeeded	verified and committed
2026-04-18T23:16:27+02:00	DP12	1	attempt_started	12-interfaces: Interfaces
2026-04-18T23:16:27+02:00	DP12	1	spawn_started	codex exec started
2026-04-18T23:30:44+02:00	DP12	1	spawn_succeeded	codex completed
2026-04-18T23:30:44+02:00	DP12	1	verify_running	cargo check -p roko-cli -p roko-serve -p roko-agent-server
2026-04-18T23:31:39+02:00	DP12	1	verify_running	cargo test -p roko-cli -p roko-serve -p roko-agent-server --lib --no-run
2026-04-18T23:33:43+02:00	DP12	1	verify_running	cargo clippy -p roko-cli -p roko-serve -p roko-agent-server --no-deps -- -D warnings
2026-04-18T23:34:08+02:00	DP12	1	verify_succeeded	all verification commands passed
2026-04-18T23:34:08+02:00	DP12	1	commit_succeeded	9eb3e4f4
2026-04-18T23:34:13+02:00	DP12	1	attempt_succeeded	verified and committed
2026-04-18T23:34:13+02:00	DP13	1	attempt_started	13-coordination: Coordination
2026-04-18T23:34:13+02:00	DP13	1	spawn_started	codex exec started
2026-04-18T23:43:29+02:00	DP13	1	spawn_succeeded	codex completed
2026-04-18T23:43:29+02:00	DP13	1	verify_running	cargo check -p roko-orchestrator
2026-04-18T23:43:45+02:00	DP13	1	verify_running	cargo test -p roko-orchestrator --lib --no-run
2026-04-18T23:44:04+02:00	DP13	1	verify_running	cargo clippy -p roko-orchestrator --no-deps -- -D warnings
2026-04-18T23:44:09+02:00	DP13	1	verify_succeeded	all verification commands passed
2026-04-18T23:44:09+02:00	DP13	1	commit_succeeded	87111ccf
2026-04-18T23:44:10+02:00	DP13	1	attempt_succeeded	verified and committed
2026-04-18T23:44:10+02:00	DP14	1	attempt_started	14-identity-economy: Identity & Economy
2026-04-18T23:44:10+02:00	DP14	1	spawn_started	codex exec started
2026-04-18T23:54:38+02:00	DP14	1	spawn_succeeded	codex completed
2026-04-18T23:54:38+02:00	DP14	1	verify_running	cargo check -p roko-chain
2026-04-18T23:54:53+02:00	DP14	1	verify_running	cargo test -p roko-chain --lib --no-run
2026-04-18T23:55:08+02:00	DP14	1	verify_running	cargo clippy -p roko-chain --no-deps -- -D warnings
2026-04-18T23:55:13+02:00	DP14	1	verify_succeeded	all verification commands passed
2026-04-18T23:55:13+02:00	DP14	1	commit_succeeded	a8497c9c
2026-04-18T23:55:13+02:00	DP14	1	attempt_succeeded	verified and committed
2026-04-18T23:55:13+02:00	DP15	1	attempt_started	15-code-intelligence: Code Intelligence
2026-04-18T23:55:13+02:00	DP15	1	spawn_started	codex exec started
2026-04-19T00:08:37+02:00	DP15	1	spawn_succeeded	codex completed
2026-04-19T00:08:37+02:00	DP15	1	verify_running	cargo check -p roko-index -p roko-mcp-code -p roko-lang-rust -p roko-lang-typescript -p roko-lang-go
2026-04-19T00:08:52+02:00	DP15	1	verify_running	cargo test -p roko-index -p roko-mcp-code -p roko-lang-rust -p roko-lang-typescript -p roko-lang-go --lib --no-run
2026-04-19T00:09:11+02:00	DP15	1	verify_running	cargo clippy -p roko-index -p roko-mcp-code -p roko-lang-rust -p roko-lang-typescript -p roko-lang-go --no-deps -- -D warnings
2026-04-19T00:09:16+02:00	DP15	1	verify_succeeded	all verification commands passed
2026-04-19T00:09:16+02:00	DP15	1	commit_succeeded	ae07a5a8
2026-04-19T00:09:17+02:00	DP15	1	attempt_succeeded	verified and committed
2026-04-19T00:09:17+02:00	DP16	1	attempt_started	16-heartbeat: Heartbeat
2026-04-19T00:09:17+02:00	DP16	1	spawn_started	codex exec started
2026-04-19T00:17:18+02:00	DP16	1	spawn_succeeded	codex completed
2026-04-19T00:17:18+02:00	DP16	1	verify_running	cargo check -p roko-runtime
2026-04-19T00:17:29+02:00	DP16	1	verify_running	cargo test -p roko-runtime --lib --no-run
2026-04-19T00:17:35+02:00	DP16	1	verify_running	cargo clippy -p roko-runtime --no-deps -- -D warnings
2026-04-19T00:17:37+02:00	DP16	1	verify_succeeded	all verification commands passed
2026-04-19T00:17:37+02:00	DP16	1	commit_succeeded	943c4d2e
2026-04-19T00:17:37+02:00	DP16	1	attempt_succeeded	verified and committed
2026-04-19T00:17:37+02:00	DP17	1	attempt_started	17-lifecycle: Lifecycle
2026-04-19T00:17:37+02:00	DP17	1	spawn_started	codex exec started
2026-04-19T00:27:35+02:00	DP17	1	spawn_succeeded	codex completed
2026-04-19T00:27:35+02:00	DP17	1	verify_running	cargo check -p roko-agent -p roko-runtime
2026-04-19T00:28:00+02:00	DP17	1	verify_running	cargo test -p roko-agent -p roko-runtime --lib --no-run
2026-04-19T00:28:53+02:00	DP17	1	verify_running	cargo clippy -p roko-agent -p roko-runtime --no-deps -- -D warnings
2026-04-19T00:29:02+02:00	DP17	1	verify_succeeded	all verification commands passed
2026-04-19T00:29:02+02:00	DP17	1	commit_succeeded	3974611b
2026-04-19T00:29:04+02:00	DP17	1	attempt_succeeded	verified and committed
2026-04-19T00:29:04+02:00	DP18	1	attempt_started	18-tools: Tools
2026-04-19T00:29:04+02:00	DP18	1	spawn_started	codex exec started
2026-04-19T00:37:29+02:00	DP18	1	spawn_succeeded	codex completed
2026-04-19T00:37:29+02:00	DP18	1	verify_running	cargo check -p roko-std -p roko-agent
2026-04-19T00:37:54+02:00	DP18	1	verify_running	cargo test -p roko-std -p roko-agent --lib --no-run
2026-04-19T00:38:49+02:00	DP18	1	verify_running	cargo clippy -p roko-std -p roko-agent --no-deps -- -D warnings
2026-04-19T00:38:58+02:00	DP18	1	verify_succeeded	all verification commands passed
2026-04-19T00:38:58+02:00	DP18	1	commit_succeeded	33ca74f1
2026-04-19T00:39:00+02:00	DP18	1	attempt_succeeded	verified and committed
2026-04-19T00:39:00+02:00	DP19	1	attempt_started	19-deployment: Deployment
2026-04-19T00:39:00+02:00	DP19	1	spawn_started	codex exec started
2026-04-19T00:49:19+02:00	DP19	1	spawn_succeeded	codex completed
2026-04-19T00:49:19+02:00	DP19	1	verify_running	cargo check -p roko-cli
2026-04-19T00:50:19+02:00	DP19	1	verify_running	cargo test -p roko-cli --lib --no-run
2026-04-19T00:52:18+02:00	DP19	1	verify_running	cargo clippy -p roko-cli --no-deps -- -D warnings
2026-04-19T00:52:43+02:00	DP19	1	verify_succeeded	all verification commands passed
2026-04-19T00:52:44+02:00	DP19	1	commit_succeeded	1290c49a
2026-04-19T00:52:47+02:00	DP19	1	attempt_succeeded	verified and committed
2026-04-19T00:52:47+02:00	DP20	1	attempt_started	20-technical-analysis: Technical Analysis
2026-04-19T00:52:48+02:00	DP20	1	spawn_started	codex exec started
2026-04-19T01:05:10+02:00	DP20	1	spawn_succeeded	codex completed
2026-04-19T01:05:10+02:00	DP20	1	verify_running	cargo check --workspace
2026-04-19T01:06:37+02:00	DP20	1	verify_running	cargo clippy --workspace --no-deps -- -D warnings
2026-04-19T01:07:10+02:00	DP20	1	verify_succeeded	all verification commands passed
2026-04-19T01:07:10+02:00	DP20	1	commit_succeeded	786eaaff
2026-04-19T01:07:12+02:00	DP20	1	attempt_succeeded	verified and committed
