2026-04-17T21:41:25+02:00	AUD01	1	attempt_started	Apply executive-summary & master-summary verdicts to docs
2026-04-17T21:41:26+02:00	AUD01	1	spawn_started	codex exec started
2026-04-17T21:45:10+02:00	AUD01	1	spawn_succeeded	codex exec completed
2026-04-17T21:45:10+02:00	AUD01	1	verify_running	scope+diff
2026-04-17T21:45:11+02:00	AUD01	1	verify_succeeded	all gates passed
2026-04-17T21:45:11+02:00	AUD01	1	commit_succeeded	9c3876cb
2026-04-17T21:45:11+02:00	AUD01	1	attempt_succeeded	verified and committed
2026-04-17T21:45:11+02:00	AUD02	1	attempt_started	Apply foundation audit (REF01-09) narrowing to architecture docs
2026-04-17T21:45:12+02:00	AUD02	1	spawn_started	codex exec started
2026-04-17T21:50:47+02:00	AUD02	1	spawn_succeeded	codex exec completed
2026-04-17T21:50:47+02:00	AUD02	1	verify_running	scope+diff
2026-04-17T21:50:47+02:00	AUD02	1	verify_succeeded	all gates passed
2026-04-17T21:50:47+02:00	AUD02	1	commit_succeeded	9428b841
2026-04-17T21:50:47+02:00	AUD02	1	attempt_succeeded	verified and committed
2026-04-17T21:50:47+02:00	AUD03	1	attempt_started	Apply learning audit (REF10-16) simplification to learning/neuro docs
2026-04-17T21:50:47+02:00	AUD03	1	spawn_started	codex exec started
2026-04-17T21:56:39+02:00	AUD03	1	spawn_succeeded	codex exec completed
2026-04-17T21:56:39+02:00	AUD03	1	verify_running	scope+diff
2026-04-17T21:56:39+02:00	AUD03	1	verify_succeeded	all gates passed
2026-04-17T21:56:39+02:00	AUD03	1	commit_succeeded	4b97e7ba
2026-04-17T21:56:39+02:00	AUD03	1	attempt_succeeded	verified and committed
2026-04-17T21:56:39+02:00	AUD04	1	attempt_started	Apply moat audit (REF17-21) deferral guidance to technical-analysis docs
2026-04-17T21:56:39+02:00	AUD04	1	spawn_started	codex exec started
2026-04-17T22:01:00+02:00	AUD04	1	spawn_succeeded	codex exec completed
2026-04-17T22:01:00+02:00	AUD04	1	verify_running	scope+diff
2026-04-17T22:01:00+02:00	AUD04	1	verify_succeeded	all gates passed
2026-04-17T22:01:00+02:00	AUD04	1	commit_succeeded	370cb1a2
2026-04-17T22:01:00+02:00	AUD04	1	attempt_succeeded	verified and committed
2026-04-17T22:01:00+02:00	AUD05	1	attempt_started	Apply UX audit (REF22-30) pick-3-of-9 narrowing to interfaces docs
2026-04-17T22:01:01+02:00	AUD05	1	spawn_started	codex exec started
2026-04-17T22:10:21+02:00	AUD05	1	spawn_succeeded	codex exec completed
2026-04-17T22:10:21+02:00	AUD05	1	verify_running	scope+diff
2026-04-17T22:10:21+02:00	AUD05	1	verify_succeeded	all gates passed
2026-04-17T22:10:21+02:00	AUD05	1	commit_succeeded	9c99108b
2026-04-17T22:10:21+02:00	AUD05	1	attempt_succeeded	verified and committed
2026-04-17T22:10:22+02:00	AUD06	1	attempt_started	Apply integrator audit (REF31-35) integrate-code-not-plans to integrator docs
2026-04-17T22:10:22+02:00	AUD06	1	spawn_started	codex exec started
2026-04-17T22:15:54+02:00	AUD06	1	spawn_succeeded	codex exec completed
2026-04-17T22:15:54+02:00	AUD06	1	verify_running	scope+diff
2026-04-17T22:15:54+02:00	AUD06	1	verify_succeeded	all gates passed
2026-04-17T22:15:54+02:00	AUD06	1	commit_succeeded	8b618456
2026-04-17T22:15:54+02:00	AUD06	1	attempt_succeeded	verified and committed
2026-04-17T22:15:54+02:00	AUD07	1	attempt_started	Apply codebase reality check corrections across all docs
2026-04-17T22:15:54+02:00	AUD07	1	spawn_started	codex exec started
2026-04-17T22:28:47+02:00	AUD07	1	spawn_succeeded	codex exec completed
2026-04-17T22:28:47+02:00	AUD07	1	verify_running	scope+diff
2026-04-17T22:28:47+02:00	AUD07	1	verify_succeeded	all gates passed
2026-04-17T22:28:48+02:00	AUD07	1	commit_succeeded	f6eeb733
2026-04-17T22:28:48+02:00	AUD07	1	attempt_succeeded	verified and committed
2026-04-17T22:28:48+02:00	AUD08	1	attempt_started	Apply naming/term cuts and simpler target architecture across all docs
2026-04-17T22:28:48+02:00	AUD08	1	spawn_started	codex exec started
2026-04-17T22:35:06+02:00	AUD08	1	spawn_succeeded	codex exec completed
2026-04-17T22:35:06+02:00	AUD08	1	verify_running	scope+diff
2026-04-17T22:35:06+02:00	AUD08	1	verify_succeeded	all gates passed
2026-04-17T22:35:06+02:00	AUD08	1	commit_succeeded	84f84938
2026-04-17T22:35:06+02:00	AUD08	1	attempt_succeeded	verified and committed
2026-04-17T22:35:06+02:00	PU00	1	attempt_started	Refresh docs-parity/00 (architecture) with audit-refined docs
2026-04-17T22:35:07+02:00	PU00	1	spawn_started	codex exec started
2026-04-17T22:43:30+02:00	PU00	1	spawn_succeeded	codex exec completed
2026-04-17T22:43:30+02:00	PU00	1	verify_running	scope+diff
2026-04-17T22:43:30+02:00	PU00	1	verify_failed	diff_gate
2026-04-17T22:43:30+02:00	PU00	1	attempt_failed	verification failed
2026-04-17T22:43:30+02:00	PU00	2	attempt_started	Refresh docs-parity/00 (architecture) with audit-refined docs
2026-04-17T22:43:30+02:00	PU00	2	spawn_started	codex exec started
2026-04-17T22:51:50+02:00	PU00	2	spawn_succeeded	codex exec completed
2026-04-17T22:51:50+02:00	PU00	2	verify_running	scope+diff
2026-04-17T22:51:50+02:00	PU00	2	verify_failed	diff_gate
2026-04-17T22:51:50+02:00	PU00	2	attempt_failed	verification failed
2026-04-17T22:51:50+02:00	PU01	1	attempt_started	Refresh docs-parity/01 (orchestration) with audit-refined docs
2026-04-17T22:51:50+02:00	PU01	1	spawn_started	codex exec started
2026-04-17T23:05:55+02:00	PU01	1	spawn_succeeded	codex exec completed
2026-04-17T23:05:55+02:00	PU01	1	verify_running	scope+diff
2026-04-17T23:05:55+02:00	PU01	1	verify_failed	diff_gate
2026-04-17T23:05:55+02:00	PU01	1	attempt_failed	verification failed
2026-04-17T23:05:55+02:00	PU01	2	attempt_started	Refresh docs-parity/01 (orchestration) with audit-refined docs
2026-04-17T23:05:55+02:00	PU01	2	spawn_started	codex exec started
2026-04-17T23:12:02+02:00	PU01	2	spawn_succeeded	codex exec completed
2026-04-17T23:12:02+02:00	PU01	2	verify_running	scope+diff
2026-04-17T23:12:02+02:00	PU01	2	verify_failed	diff_gate
2026-04-17T23:12:02+02:00	PU01	2	attempt_failed	verification failed
2026-04-17T23:12:02+02:00	PU02	1	attempt_started	Refresh docs-parity/02 (agents) with audit-refined docs
2026-04-17T23:12:02+02:00	PU02	1	spawn_started	codex exec started
2026-04-17T23:22:54+02:00	PU02	1	spawn_succeeded	codex exec completed
2026-04-17T23:22:54+02:00	PU02	1	verify_running	scope+diff
2026-04-17T23:22:54+02:00	PU02	1	verify_failed	diff_gate
2026-04-17T23:22:54+02:00	PU02	1	attempt_failed	verification failed
2026-04-17T23:22:54+02:00	PU02	2	attempt_started	Refresh docs-parity/02 (agents) with audit-refined docs
2026-04-17T23:22:54+02:00	PU02	2	spawn_started	codex exec started
2026-04-17T23:34:17+02:00	PU02	2	spawn_succeeded	codex exec completed
2026-04-17T23:34:17+02:00	PU02	2	verify_running	scope+diff
2026-04-17T23:34:17+02:00	PU02	2	verify_failed	diff_gate
2026-04-17T23:34:17+02:00	PU02	2	attempt_failed	verification failed
2026-04-17T23:34:17+02:00	PU03	1	attempt_started	Refresh docs-parity/03 (composition) with audit-refined docs
2026-04-17T23:34:17+02:00	PU03	1	spawn_started	codex exec started
2026-04-17T23:42:25+02:00	PU03	1	spawn_succeeded	codex exec completed
2026-04-17T23:42:25+02:00	PU03	1	verify_running	scope+diff
2026-04-17T23:42:25+02:00	PU03	1	verify_failed	diff_gate
2026-04-17T23:42:25+02:00	PU03	1	attempt_failed	verification failed
2026-04-17T23:42:25+02:00	PU03	2	attempt_started	Refresh docs-parity/03 (composition) with audit-refined docs
2026-04-17T23:42:25+02:00	PU03	2	spawn_started	codex exec started
2026-04-17T23:55:27+02:00	PU03	2	spawn_succeeded	codex exec completed
2026-04-17T23:55:27+02:00	PU03	2	verify_running	scope+diff
2026-04-17T23:55:27+02:00	PU03	2	verify_failed	diff_gate
2026-04-17T23:55:27+02:00	PU03	2	attempt_failed	verification failed
2026-04-17T23:55:27+02:00	PU04	1	attempt_started	Refresh docs-parity/04 (verification) with audit-refined docs
2026-04-17T23:55:27+02:00	PU04	1	spawn_started	codex exec started
2026-04-18T00:07:02+02:00	PU04	1	spawn_succeeded	codex exec completed
2026-04-18T00:07:02+02:00	PU04	1	verify_running	scope+diff
2026-04-18T00:07:02+02:00	PU04	1	verify_failed	diff_gate
2026-04-18T00:07:02+02:00	PU04	1	attempt_failed	verification failed
2026-04-18T00:07:02+02:00	PU04	2	attempt_started	Refresh docs-parity/04 (verification) with audit-refined docs
2026-04-18T00:07:03+02:00	PU04	2	spawn_started	codex exec started
2026-04-18T00:14:40+02:00	PU04	2	spawn_succeeded	codex exec completed
2026-04-18T00:14:40+02:00	PU04	2	verify_running	scope+diff
2026-04-18T00:14:40+02:00	PU04	2	verify_failed	diff_gate
2026-04-18T00:14:40+02:00	PU04	2	attempt_failed	verification failed
2026-04-18T00:14:40+02:00	PU05	1	attempt_started	Refresh docs-parity/05 (learning) with audit-refined docs
2026-04-18T00:14:40+02:00	PU05	1	spawn_started	codex exec started
2026-04-18T00:28:25+02:00	PU05	1	spawn_succeeded	codex exec completed
2026-04-18T00:28:25+02:00	PU05	1	verify_running	scope+diff
2026-04-18T00:28:25+02:00	PU05	1	verify_failed	diff_gate
2026-04-18T00:28:25+02:00	PU05	1	attempt_failed	verification failed
2026-04-18T00:28:25+02:00	PU05	2	attempt_started	Refresh docs-parity/05 (learning) with audit-refined docs
2026-04-18T00:28:25+02:00	PU05	2	spawn_started	codex exec started
2026-04-18T00:34:02+02:00	PU05	2	spawn_succeeded	codex exec completed
2026-04-18T00:34:02+02:00	PU05	2	verify_running	scope+diff
2026-04-18T00:34:02+02:00	PU05	2	verify_failed	diff_gate
2026-04-18T00:34:02+02:00	PU05	2	attempt_failed	verification failed
2026-04-18T00:34:02+02:00	PU06	1	attempt_started	Refresh docs-parity/06 (neuro) with audit-refined docs
2026-04-18T00:34:02+02:00	PU06	1	spawn_started	codex exec started
2026-04-18T00:44:24+02:00	PU06	1	spawn_succeeded	codex exec completed
2026-04-18T00:44:24+02:00	PU06	1	verify_running	scope+diff
2026-04-18T00:44:24+02:00	PU06	1	verify_failed	diff_gate
2026-04-18T00:44:24+02:00	PU06	1	attempt_failed	verification failed
2026-04-18T00:44:24+02:00	PU06	2	attempt_started	Refresh docs-parity/06 (neuro) with audit-refined docs
2026-04-18T00:44:24+02:00	PU06	2	spawn_started	codex exec started
2026-04-18T00:53:07+02:00	PU06	2	spawn_succeeded	codex exec completed
2026-04-18T00:53:07+02:00	PU06	2	verify_running	scope+diff
2026-04-18T00:53:08+02:00	PU06	2	verify_failed	diff_gate
2026-04-18T00:53:08+02:00	PU06	2	attempt_failed	verification failed
2026-04-18T00:53:08+02:00	PU07	1	attempt_started	Refresh docs-parity/07 (conductor) with audit-refined docs
2026-04-18T00:53:08+02:00	PU07	1	spawn_started	codex exec started
2026-04-18T01:03:56+02:00	PU07	1	spawn_succeeded	codex exec completed
2026-04-18T01:03:56+02:00	PU07	1	verify_running	scope+diff
2026-04-18T01:03:56+02:00	PU07	1	verify_failed	diff_gate
2026-04-18T01:03:56+02:00	PU07	1	attempt_failed	verification failed
2026-04-18T01:03:56+02:00	PU07	2	attempt_started	Refresh docs-parity/07 (conductor) with audit-refined docs
2026-04-18T01:03:56+02:00	PU07	2	spawn_started	codex exec started
2026-04-18T01:09:32+02:00	PU07	2	spawn_succeeded	codex exec completed
2026-04-18T01:09:32+02:00	PU07	2	verify_running	scope+diff
2026-04-18T01:09:33+02:00	PU07	2	verify_failed	diff_gate
2026-04-18T01:09:33+02:00	PU07	2	attempt_failed	verification failed
2026-04-18T01:09:33+02:00	PU08	1	attempt_started	Refresh docs-parity/08 (chain) with audit-refined docs
2026-04-18T01:09:33+02:00	PU08	1	spawn_started	codex exec started
2026-04-18T01:20:21+02:00	PU08	1	spawn_succeeded	codex exec completed
2026-04-18T01:20:21+02:00	PU08	1	verify_running	scope+diff
2026-04-18T01:20:21+02:00	PU08	1	verify_failed	diff_gate
2026-04-18T01:20:21+02:00	PU08	1	attempt_failed	verification failed
2026-04-18T01:20:21+02:00	PU08	2	attempt_started	Refresh docs-parity/08 (chain) with audit-refined docs
2026-04-18T01:20:21+02:00	PU08	2	spawn_started	codex exec started
2026-04-18T01:29:04+02:00	PU08	2	spawn_succeeded	codex exec completed
2026-04-18T01:29:04+02:00	PU08	2	verify_running	scope+diff
2026-04-18T01:29:04+02:00	PU08	2	verify_failed	diff_gate
2026-04-18T01:29:04+02:00	PU08	2	attempt_failed	verification failed
2026-04-18T01:29:04+02:00	PU09	1	attempt_started	Refresh docs-parity/09 (daimon) with audit-refined docs
2026-04-18T01:29:04+02:00	PU09	1	spawn_started	codex exec started
2026-04-18T01:37:04+02:00	PU09	1	spawn_succeeded	codex exec completed
2026-04-18T01:37:04+02:00	PU09	1	verify_running	scope+diff
2026-04-18T01:37:04+02:00	PU09	1	verify_failed	diff_gate
2026-04-18T01:37:04+02:00	PU09	1	attempt_failed	verification failed
2026-04-18T01:37:04+02:00	PU09	2	attempt_started	Refresh docs-parity/09 (daimon) with audit-refined docs
2026-04-18T01:37:04+02:00	PU09	2	spawn_started	codex exec started
2026-04-18T01:45:21+02:00	PU09	2	spawn_succeeded	codex exec completed
2026-04-18T01:45:21+02:00	PU09	2	verify_running	scope+diff
2026-04-18T01:45:21+02:00	PU09	2	verify_failed	diff_gate
2026-04-18T01:45:21+02:00	PU09	2	attempt_failed	verification failed
2026-04-18T01:45:21+02:00	PU10	1	attempt_started	Refresh docs-parity/10 (dreams) with audit-refined docs
2026-04-18T01:45:21+02:00	PU10	1	spawn_started	codex exec started
2026-04-18T01:55:13+02:00	PU10	1	spawn_succeeded	codex exec completed
2026-04-18T01:55:13+02:00	PU10	1	verify_running	scope+diff
2026-04-18T01:55:13+02:00	PU10	1	verify_failed	diff_gate
2026-04-18T01:55:13+02:00	PU10	1	attempt_failed	verification failed
2026-04-18T01:55:13+02:00	PU10	2	attempt_started	Refresh docs-parity/10 (dreams) with audit-refined docs
2026-04-18T01:55:13+02:00	PU10	2	spawn_started	codex exec started
2026-04-18T02:01:17+02:00	PU10	2	spawn_succeeded	codex exec completed
2026-04-18T02:01:17+02:00	PU10	2	verify_running	scope+diff
2026-04-18T02:01:17+02:00	PU10	2	verify_failed	diff_gate
2026-04-18T02:01:17+02:00	PU10	2	attempt_failed	verification failed
2026-04-18T02:01:17+02:00	PU11	1	attempt_started	Refresh docs-parity/11 (safety) with audit-refined docs
2026-04-18T02:01:17+02:00	PU11	1	spawn_started	codex exec started
2026-04-18T02:09:45+02:00	PU11	1	spawn_succeeded	codex exec completed
2026-04-18T02:09:45+02:00	PU11	1	verify_running	scope+diff
2026-04-18T02:09:45+02:00	PU11	1	verify_failed	diff_gate
2026-04-18T02:09:45+02:00	PU11	1	attempt_failed	verification failed
2026-04-18T02:09:45+02:00	PU11	2	attempt_started	Refresh docs-parity/11 (safety) with audit-refined docs
2026-04-18T02:09:45+02:00	PU11	2	spawn_started	codex exec started
2026-04-18T02:17:03+02:00	PU11	2	spawn_succeeded	codex exec completed
2026-04-18T02:17:03+02:00	PU11	2	verify_running	scope+diff
2026-04-18T02:17:03+02:00	PU11	2	verify_failed	diff_gate
2026-04-18T02:17:03+02:00	PU11	2	attempt_failed	verification failed
2026-04-18T02:17:03+02:00	PU12	1	attempt_started	Refresh docs-parity/12 (interfaces) with audit-refined docs
2026-04-18T02:17:03+02:00	PU12	1	spawn_started	codex exec started
2026-04-18T03:47:03+02:00	PU12	1	spawn_timed_out	codex exec timed out
2026-04-18T03:47:03+02:00	PU12	1	attempt_failed	codex timed out
2026-04-18T03:47:03+02:00	PU12	2	attempt_started	Refresh docs-parity/12 (interfaces) with audit-refined docs
2026-04-18T03:47:04+02:00	PU12	2	spawn_started	codex exec started
2026-04-18T03:56:05+02:00	PU12	2	spawn_succeeded	codex exec completed
2026-04-18T03:56:05+02:00	PU12	2	verify_running	scope+diff
2026-04-18T03:56:05+02:00	PU12	2	verify_failed	diff_gate
2026-04-18T03:56:05+02:00	PU12	2	attempt_failed	verification failed
2026-04-18T10:03:55+02:00	PU00	1	attempt_started	Refresh docs-parity/00 (architecture) with audit-refined docs
2026-04-18T10:03:55+02:00	PU00	1	spawn_started	codex exec started (sandbox=danger-full-access)
2026-04-18T10:11:00+02:00	PU00	1	spawn_succeeded	codex exec completed
2026-04-18T10:11:00+02:00	PU00	1	verify_running	scope+diff
2026-04-18T10:11:00+02:00	PU00	1	verify_failed	diff_gate
2026-04-18T10:11:00+02:00	PU00	1	attempt_failed	verification failed
2026-04-18T10:11:00+02:00	PU00	2	attempt_started	Refresh docs-parity/00 (architecture) with audit-refined docs
2026-04-18T10:11:00+02:00	PU00	2	spawn_started	codex exec started (sandbox=danger-full-access)
2026-04-18T10:17:44+02:00	PU00	2	spawn_succeeded	codex exec completed
2026-04-18T10:17:44+02:00	PU00	2	verify_running	scope+diff
2026-04-18T10:17:44+02:00	PU00	2	verify_failed	diff_gate
2026-04-18T10:17:44+02:00	PU00	2	attempt_failed	verification failed
2026-04-18T10:17:44+02:00	PU01	1	attempt_started	Refresh docs-parity/01 (orchestration) with audit-refined docs
2026-04-18T10:17:44+02:00	PU01	1	spawn_started	codex exec started (sandbox=danger-full-access)
2026-04-18T10:28:35+02:00	PU01	1	spawn_succeeded	codex exec completed
2026-04-18T10:28:35+02:00	PU01	1	verify_running	scope+diff
2026-04-18T10:28:35+02:00	PU01	1	verify_failed	diff_gate
2026-04-18T10:28:35+02:00	PU01	1	attempt_failed	verification failed
2026-04-18T10:28:35+02:00	PU01	2	attempt_started	Refresh docs-parity/01 (orchestration) with audit-refined docs
2026-04-18T10:28:35+02:00	PU01	2	spawn_started	codex exec started (sandbox=danger-full-access)
2026-04-18T10:33:30+02:00	PU00	1	attempt_started	Refresh docs-parity/00 (architecture) with audit-refined docs
2026-04-18T10:33:30+02:00	PU00	1	spawn_started	codex exec started (--dangerously-bypass-approvals-and-sandbox)
2026-04-18T10:39:34+02:00	PU00	1	spawn_succeeded	codex exec completed
2026-04-18T10:39:34+02:00	PU00	1	verify_running	scope+diff
2026-04-18T10:39:34+02:00	PU00	1	verify_failed	diff_gate
2026-04-18T10:39:34+02:00	PU00	1	attempt_failed	verification failed
2026-04-18T10:39:34+02:00	PU00	2	attempt_started	Refresh docs-parity/00 (architecture) with audit-refined docs
2026-04-18T10:39:34+02:00	PU00	2	spawn_started	codex exec started (--dangerously-bypass-approvals-and-sandbox)
2026-04-18T10:52:48+02:00	PU00	1	attempt_started	Refresh docs-parity/00 (architecture) with audit-refined docs
2026-04-18T10:52:49+02:00	PU00	1	spawn_started	codex exec (cd=/Users/will/dev/nunchi/roko/roko)
2026-04-18T11:01:26+02:00	PU00	1	spawn_succeeded	codex exec completed
2026-04-18T11:01:26+02:00	PU00	1	verify_running	scope+diff (main repo)
2026-04-18T11:01:26+02:00	PU00	1	verify_failed	diff_gate
2026-04-18T11:01:26+02:00	PU00	1	attempt_failed	verification failed
2026-04-18T11:01:26+02:00	PU00	2	attempt_started	Refresh docs-parity/00 (architecture) with audit-refined docs
2026-04-18T11:01:26+02:00	PU00	2	spawn_started	codex exec (cd=/Users/will/dev/nunchi/roko/roko)
